,longitude,latitude,housing_median_age,total_rooms,total_bedrooms,population,households,median_income,median_house_value,ocean_proximity
0,-122.23,37.88,41,880,129,322,126,8.3252,452600,NEAR BAY
1,-122.22,37.86,21,7099,1106,2401,1138,8.3014,358500,NEAR BAY
2,-122.24,37.85,52,1467,190,496,177,7.2574,352100,NEAR BAY
3,-122.25,37.85,52,1274,235,558,219,5.6431,341300,NEAR BAY
4,-122.25,37.85,52,1627,280,565,259,3.8462,342200,NEAR BAY
5,-122.25,37.85,52,919,213,413,193,4.0368,269700,NEAR BAY
6,-122.25,37.84,52,2535,489,1094,514,3.6591,299200,NEAR BAY
7,-122.25,37.84,52,3104,687,1157,647,3.12,241400,NEAR BAY
8,-122.26,37.84,42,2555,665,1206,595,2.0804,226700,NEAR BAY
9,-122.25,37.84,52,3549,707,1551,714,3.6912,261100,NEAR BAY
10,-122.26,37.85,52,2202,434,910,402,3.2031,281500,NEAR BAY
11,-122.26,37.85,52,3503,752,1504,734,3.2705,241800,NEAR BAY
12,-122.26,37.85,52,2491,474,1098,468,3.075,213500,NEAR BAY
13,-122.26,37.84,52,696,191,345,174,2.6736,191300,NEAR BAY
14,-122.26,37.85,52,2643,626,1212,620,1.9167,159200,NEAR BAY
15,-122.26,37.85,50,1120,283,697,264,2.125,140000,NEAR BAY
16,-122.27,37.85,52,1966,347,793,331,2.775,152500,NEAR BAY
17,-122.27,37.85,52,1228,293,648,303,2.1202,155500,NEAR BAY
18,-122.26,37.84,50,2239,455,990,419,1.9911,158700,NEAR BAY
19,-122.27,37.84,52,1503,298,690,275,2.6033,162900,NEAR BAY
20,-122.27,37.85,40,751,184,409,166,1.3578,147500,NEAR BAY
21,-122.27,37.85,42,1639,367,929,366,1.7135,159800,NEAR BAY
22,-122.27,37.84,52,2436,541,1015,478,1.725,113900,NEAR BAY
23,-122.27,37.84,52,1688,337,853,325,2.1806,99700,NEAR BAY
24,-122.27,37.84,52,2224,437,1006,422,2.6,132600,NEAR BAY
25,-122.28,37.85,41,535,123,317,119,2.4038,107500,NEAR BAY
26,-122.28,37.85,49,1130,244,607,239,2.4597,93800,NEAR BAY
27,-122.28,37.85,52,1898,421,1102,397,1.808,105500,NEAR BAY
28,-122.28,37.84,50,2082,492,1131,473,1.6424,108900,NEAR BAY
29,-122.28,37.84,52,729,160,395,155,1.6875,132000,NEAR BAY
30,-122.28,37.84,49,1916,447,863,378,1.9274,122300,NEAR BAY
31,-122.28,37.84,52,2153,481,1168,441,1.9615,115200,NEAR BAY
32,-122.27,37.84,48,1922,409,1026,335,1.7969,110400,NEAR BAY
33,-122.27,37.83,49,1655,366,754,329,1.375,104900,NEAR BAY
34,-122.27,37.83,51,2665,574,1258,536,2.7303,109700,NEAR BAY
35,-122.27,37.83,49,1215,282,570,264,1.4861,97200,NEAR BAY
36,-122.27,37.83,48,1798,432,987,374,1.0972,104500,NEAR BAY
37,-122.28,37.83,52,1511,390,901,403,1.4103,103900,NEAR BAY
38,-122.26,37.83,52,1470,330,689,309,3.48,191400,NEAR BAY
39,-122.26,37.83,52,2432,715,1377,696,2.5898,176000,NEAR BAY
40,-122.26,37.83,52,1665,419,946,395,2.0978,155400,NEAR BAY
41,-122.26,37.83,51,936,311,517,249,1.2852,150000,NEAR BAY
42,-122.26,37.84,49,713,202,462,189,1.025,118800,NEAR BAY
43,-122.26,37.84,52,950,202,467,198,3.9643,188800,NEAR BAY
44,-122.26,37.83,52,1443,311,660,292,3.0125,184400,NEAR BAY
45,-122.26,37.83,52,1656,420,718,382,2.6768,182300,NEAR BAY
46,-122.26,37.83,50,1125,322,616,304,2.026,142500,NEAR BAY
47,-122.27,37.82,43,1007,312,558,253,1.7348,137500,NEAR BAY
48,-122.26,37.82,40,624,195,423,160,0.9506,187500,NEAR BAY
49,-122.27,37.82,40,946,375,700,352,1.775,112500,NEAR BAY
50,-122.27,37.82,21,896,453,735,438,0.9218,171900,NEAR BAY
51,-122.27,37.82,43,1868,456,1061,407,1.5045,93800,NEAR BAY
52,-122.27,37.82,41,3221,853,1959,720,1.1108,97500,NEAR BAY
53,-122.27,37.82,52,1630,456,1162,400,1.2475,104200,NEAR BAY
54,-122.28,37.82,52,1170,235,701,233,1.6098,87500,NEAR BAY
55,-122.28,37.82,52,945,243,576,220,1.4113,83100,NEAR BAY
56,-122.28,37.82,52,1238,288,622,259,1.5057,87500,NEAR BAY
57,-122.28,37.82,52,1489,335,728,244,0.8172,85300,NEAR BAY
58,-122.28,37.82,52,1387,341,1074,304,1.2171,80300,NEAR BAY
59,-122.29,37.82,2,158,43,94,57,2.5625,60000,NEAR BAY
60,-122.29,37.83,52,1121,211,554,187,3.3929,75700,NEAR BAY
61,-122.29,37.82,49,135,29,86,23,6.1183,75000,NEAR BAY
62,-122.29,37.81,50,760,190,377,122,0.9011,86100,NEAR BAY
63,-122.3,37.81,52,1224,237,521,159,1.191,76100,NEAR BAY
64,-122.3,37.81,48,828,182,392,133,2.5938,73500,NEAR BAY
65,-122.3,37.81,52,1010,209,604,187,1.1667,78400,NEAR BAY
66,-122.3,37.81,48,1455,354,788,332,0.8056,84400,NEAR BAY
67,-122.29,37.8,52,1027,244,492,147,2.6094,81300,NEAR BAY
68,-122.3,37.81,52,572,109,274,82,1.8516,85000,NEAR BAY
69,-122.29,37.81,46,2801,644,1823,611,0.9802,129200,NEAR BAY
70,-122.29,37.81,26,768,152,392,127,1.7719,82500,NEAR BAY
71,-122.29,37.81,46,935,297,582,277,0.7286,95200,NEAR BAY
72,-122.29,37.81,49,844,204,560,152,1.75,75000,NEAR BAY
73,-122.29,37.81,46,12,4,18,7,0.4999,67500,NEAR BAY
74,-122.29,37.81,20,835,161,290,133,2.483,137500,NEAR BAY
75,-122.28,37.81,17,1237,462,762,439,0.9241,177500,NEAR BAY
76,-122.28,37.81,36,2914,562,1236,509,2.4464,102100,NEAR BAY
77,-122.28,37.81,19,1207,243,721,207,1.1111,108300,NEAR BAY
78,-122.29,37.81,23,1745,374,1054,325,0.8026,112500,NEAR BAY
79,-122.28,37.8,38,684,176,344,155,2.0114,131300,NEAR BAY
80,-122.28,37.81,17,924,289,609,289,1.5,162500,NEAR BAY
81,-122.27,37.81,52,210,56,183,56,1.1667,112500,NEAR BAY
82,-122.28,37.81,52,340,97,200,87,1.5208,112500,NEAR BAY
83,-122.28,37.81,52,386,164,346,155,0.8075,137500,NEAR BAY
84,-122.28,37.81,35,948,184,467,169,1.8088,118800,NEAR BAY
85,-122.28,37.81,52,773,143,377,115,2.4083,98200,NEAR BAY
86,-122.27,37.81,40,880,451,582,380,0.977,118800,NEAR BAY
87,-122.27,37.81,10,875,348,546,330,0.76,162500,NEAR BAY
88,-122.27,37.8,10,105,42,125,39,0.9722,137500,NEAR BAY
89,-122.27,37.8,52,249,78,396,85,1.2434,500001,NEAR BAY
90,-122.27,37.8,16,994,392,800,362,2.0938,162500,NEAR BAY
91,-122.28,37.8,52,215,87,904,88,0.8668,137500,NEAR BAY
92,-122.28,37.8,52,96,31,191,34,0.75,162500,NEAR BAY
93,-122.27,37.79,27,1055,347,718,302,2.6354,187500,NEAR BAY
94,-122.27,37.8,39,1715,623,1327,467,1.8477,179200,NEAR BAY
95,-122.26,37.8,36,5329,2477,3469,2323,2.0096,130000,NEAR BAY
96,-122.26,37.82,31,4596,1331,2048,1180,2.8345,183800,NEAR BAY
97,-122.26,37.81,29,335,107,202,91,2.0062,125000,NEAR BAY
98,-122.26,37.82,22,3682,1270,2024,1250,1.2185,170000,NEAR BAY
99,-122.26,37.82,37,3633,1085,1838,980,2.6104,193100,NEAR BAY
100,-122.25,37.81,29,4656,1414,2304,1250,2.4912,257800,NEAR BAY
101,-122.25,37.81,28,5806,1603,2563,1497,3.2177,273400,NEAR BAY
102,-122.25,37.81,39,854,242,389,228,3.125,237500,NEAR BAY
103,-122.25,37.81,52,2155,701,895,613,2.5795,350000,NEAR BAY
104,-122.26,37.81,34,5871,1914,2689,1789,2.8406,335700,NEAR BAY
105,-122.24,37.82,52,1509,225,674,244,4.9306,313400,NEAR BAY
106,-122.24,37.81,52,2026,482,709,456,3.2727,268500,NEAR BAY
107,-122.25,37.81,52,1758,460,686,422,3.1691,259400,NEAR BAY
108,-122.24,37.82,52,3481,751,1444,718,3.9,275700,NEAR BAY
109,-122.25,37.82,28,3337,855,1520,802,3.9063,225000,NEAR BAY
110,-122.25,37.82,52,1424,289,550,253,5.0917,262500,NEAR BAY
111,-122.25,37.82,32,3809,1098,1806,1022,2.6429,218500,NEAR BAY
112,-122.25,37.82,26,3959,1196,1749,1217,3.0233,255000,NEAR BAY
113,-122.25,37.83,52,2376,559,939,519,3.1484,224100,NEAR BAY
114,-122.25,37.83,35,1613,428,675,422,3.4722,243100,NEAR BAY
115,-122.25,37.83,52,1279,287,534,291,3.1429,231600,NEAR BAY
116,-122.25,37.83,28,5022,1750,2558,1661,2.4234,218500,NEAR BAY
117,-122.25,37.83,52,4190,1105,1786,1037,3.0897,234100,NEAR BAY
118,-122.23,37.84,50,2515,399,970,373,5.8596,327600,NEAR BAY
119,-122.23,37.84,47,3175,454,1098,485,5.2868,347600,NEAR BAY
120,-122.24,37.83,41,2576,406,794,376,5.956,366100,NEAR BAY
121,-122.24,37.85,37,334,54,98,47,4.9643,335000,NEAR BAY
122,-122.23,37.85,52,2800,411,1061,403,6.3434,373600,NEAR BAY
123,-122.24,37.84,52,3529,574,1177,555,5.1773,389500,NEAR BAY
124,-122.24,37.85,52,2612,365,901,367,7.2354,391100,NEAR BAY
125,-122.22,37.85,28,5287,1048,2031,956,5.457,337300,NEAR BAY
126,-122.22,37.84,50,2935,473,1031,479,7.5,295200,NEAR BAY
127,-122.21,37.84,44,3424,597,1358,597,6.0194,292300,NEAR BAY
128,-122.21,37.83,40,4991,674,1616,654,7.5544,411500,NEAR BAY
129,-122.2,37.84,30,2211,346,844,343,6.0666,311500,NEAR BAY
130,-122.21,37.84,34,3038,490,1140,496,7.0548,325900,NEAR BAY
131,-122.19,37.84,18,1617,210,533,194,11.6017,392600,NEAR BAY
132,-122.2,37.84,35,2865,460,1072,443,7.4882,319300,NEAR BAY
133,-122.21,37.83,34,5065,788,1627,766,6.8976,333300,NEAR BAY
134,-122.19,37.83,28,1326,184,463,190,8.2049,335200,NEAR BAY
135,-122.2,37.83,26,1589,223,542,211,8.401,351200,NEAR BAY
136,-122.19,37.83,29,1791,271,661,269,6.8538,368900,NEAR BAY
137,-122.19,37.82,32,1835,264,635,263,8.317,365900,NEAR BAY
138,-122.2,37.82,37,1229,181,420,176,7.0175,366700,NEAR BAY
139,-122.2,37.82,39,3770,534,1265,500,6.3302,362800,NEAR BAY
140,-122.18,37.81,30,292,38,126,52,6.3624,483300,NEAR BAY
141,-122.21,37.82,52,2375,333,813,350,7.0549,331400,NEAR BAY
142,-122.2,37.81,45,2964,436,1067,426,6.7851,323500,NEAR BAY
143,-122.21,37.8,50,2833,605,1260,552,2.8929,216700,NEAR BAY
144,-122.21,37.8,38,2254,535,951,487,3.0812,233100,NEAR BAY
145,-122.21,37.81,52,1389,212,510,224,5.2402,296400,NEAR BAY
146,-122.22,37.81,52,1971,335,765,308,6.5217,273700,NEAR BAY
147,-122.22,37.8,52,2183,465,1129,460,3.2632,227700,NEAR BAY
148,-122.22,37.8,52,2286,464,1073,441,3.0298,199600,NEAR BAY
149,-122.22,37.8,52,2721,541,1185,515,4.5428,239800,NEAR BAY
150,-122.22,37.81,52,2024,339,756,340,4.072,270100,NEAR BAY
151,-122.22,37.81,52,2944,536,1034,521,5.3509,302100,NEAR BAY
152,-122.23,37.8,52,2033,486,787,459,3.1603,269500,NEAR BAY
153,-122.23,37.81,52,1433,229,612,213,4.7708,314700,NEAR BAY
154,-122.22,37.81,52,2927,402,1021,380,8.1564,390100,NEAR BAY
155,-122.23,37.81,52,2315,292,861,258,8.8793,410300,NEAR BAY
156,-122.24,37.81,52,2485,313,953,327,6.8591,352400,NEAR BAY
157,-122.24,37.81,52,1490,238,634,256,6.0302,287300,NEAR BAY
158,-122.23,37.81,52,2814,365,878,352,7.508,348700,NEAR BAY
159,-122.24,37.81,52,2093,550,918,483,2.7477,243800,NEAR BAY
160,-122.24,37.8,52,888,168,360,175,2.1944,211500,NEAR BAY
161,-122.25,37.8,52,2087,510,1197,488,3.0149,218400,NEAR BAY
162,-122.24,37.81,52,2513,502,1048,518,3.675,269900,NEAR BAY
163,-122.25,37.81,46,3232,835,1373,747,3.225,218800,NEAR BAY
164,-122.25,37.8,42,4120,1065,1715,1015,2.9345,225000,NEAR BAY
165,-122.25,37.8,43,2364,792,1359,722,2.1429,250000,NEAR BAY
166,-122.25,37.8,41,1471,469,1062,413,1.6121,171400,NEAR BAY
167,-122.25,37.8,29,2468,864,1335,773,1.3929,193800,NEAR BAY
168,-122.24,37.79,27,1632,492,1171,429,2.3173,125000,NEAR BAY
169,-122.25,37.79,45,1786,526,1475,460,1.7772,97500,NEAR BAY
170,-122.25,37.79,50,629,188,742,196,2.6458,125000,NEAR BAY
171,-122.25,37.79,52,1339,391,1086,363,2.181,138800,NEAR BAY
172,-122.25,37.8,36,1678,606,1645,543,2.2303,116700,NEAR BAY
173,-122.25,37.8,43,2344,647,1710,644,1.6504,151800,NEAR BAY
174,-122.24,37.8,52,996,228,731,228,2.2697,127000,NEAR BAY
175,-122.24,37.8,52,1591,373,1118,347,2.1563,128600,NEAR BAY
176,-122.24,37.8,52,1586,398,1006,335,2.1348,140600,NEAR BAY
177,-122.24,37.8,47,2046,588,1213,554,2.6292,182700,NEAR BAY
178,-122.23,37.8,52,1192,289,772,257,2.3833,146900,NEAR BAY
179,-122.24,37.8,52,1803,420,1321,401,2.957,122800,NEAR BAY
180,-122.24,37.8,49,2838,749,1487,677,2.5238,169300,NEAR BAY
181,-122.23,37.8,52,783,184,488,186,1.9375,126600,NEAR BAY
182,-122.23,37.8,51,1590,414,949,392,1.9028,127900,NEAR BAY
183,-122.23,37.8,50,1746,480,1149,415,2.25,123500,NEAR BAY
184,-122.23,37.8,52,1252,299,844,280,2.3929,111900,NEAR BAY
185,-122.23,37.79,43,5963,1344,4367,1231,2.1917,112800,NEAR BAY
186,-122.23,37.79,52,1783,395,1659,412,2.9357,107900,NEAR BAY
187,-122.23,37.79,30,999,264,1011,263,1.8854,137500,NEAR BAY
188,-122.24,37.79,39,1469,431,1464,389,2.1638,105500,NEAR BAY
189,-122.24,37.79,47,1372,395,1237,303,2.125,95500,NEAR BAY
190,-122.24,37.79,52,674,180,647,168,3.375,116100,NEAR BAY
191,-122.24,37.79,43,1626,376,1284,357,2.2542,112200,NEAR BAY
192,-122.25,37.79,51,175,43,228,55,2.1,75000,NEAR BAY
193,-122.25,37.79,39,461,129,381,123,1.6,112500,NEAR BAY
194,-122.25,37.79,52,902,237,846,227,3.625,125000,NEAR BAY
195,-122.26,37.8,20,2373,779,1659,676,1.6929,115000,NEAR BAY
196,-122.22,37.77,52,391,128,520,138,1.6471,95000,NEAR BAY
197,-122.22,37.77,52,1137,301,866,259,2.59,96400,NEAR BAY
198,-122.23,37.77,52,769,206,612,183,2.57,72000,NEAR BAY
199,-122.23,37.78,52,472,146,415,126,2.6429,71300,NEAR BAY
200,-122.23,37.78,52,862,215,994,213,3.0257,80800,NEAR BAY
201,-122.22,37.78,50,1920,530,1525,477,1.4886,128800,NEAR BAY
202,-122.23,37.78,43,1420,472,1506,438,1.9338,112500,NEAR BAY
203,-122.23,37.78,52,986,258,1008,255,1.4844,119400,NEAR BAY
204,-122.23,37.78,44,2340,825,2813,751,1.6009,118100,NEAR BAY
205,-122.23,37.79,48,1696,396,1481,343,2.0375,122500,NEAR BAY
206,-122.23,37.79,49,1175,217,859,219,2.293,106300,NEAR BAY
207,-122.22,37.79,37,2343,574,1608,523,2.1494,132500,NEAR BAY
208,-122.23,37.79,30,610,145,425,140,1.6198,122700,NEAR BAY
209,-122.23,37.79,40,930,199,564,184,1.3281,113300,NEAR BAY
210,-122.22,37.79,44,1487,314,961,272,3.5156,109500,NEAR BAY
211,-122.22,37.79,52,3424,690,2273,685,3.9048,164700,NEAR BAY
212,-122.21,37.79,52,762,190,600,195,3.0893,125000,NEAR BAY
213,-122.22,37.79,46,2366,575,1647,527,2.6042,124700,NEAR BAY
214,-122.22,37.79,49,1826,450,1201,424,2.5,136700,NEAR BAY
215,-122.22,37.79,38,3049,711,2167,659,2.7969,141700,NEAR BAY
216,-122.2,37.79,29,1640,376,939,340,2.8321,150000,NEAR BAY
217,-122.21,37.79,47,1543,307,859,292,2.9583,138800,NEAR BAY
218,-122.21,37.79,34,2364,557,1517,516,2.8365,139200,NEAR BAY
219,-122.21,37.79,35,1745,409,1143,386,2.875,143800,NEAR BAY
220,-122.21,37.8,39,2003,500,1109,464,3.0682,156500,NEAR BAY
221,-122.21,37.8,39,2018,447,1221,446,3.0757,151000,NEAR BAY
222,-122.2,37.8,43,3045,499,1115,455,4.9559,273000,NEAR BAY
223,-122.2,37.8,52,1547,293,706,268,4.7721,217100,NEAR BAY
224,-122.21,37.8,52,3519,711,1883,706,3.4861,187100,NEAR BAY
225,-122.2,37.8,41,2070,354,804,340,5.1184,239600,NEAR BAY
226,-122.21,37.8,48,1321,263,506,252,4.0977,229700,NEAR BAY
227,-122.19,37.8,48,1694,259,610,238,4.744,257300,NEAR BAY
228,-122.19,37.8,46,1938,341,768,332,4.2727,246900,NEAR BAY
229,-122.19,37.79,50,968,195,462,184,2.9844,179900,NEAR BAY
230,-122.2,37.79,40,1060,256,667,235,4.1739,169600,NEAR BAY
231,-122.2,37.8,46,2041,405,1059,399,3.8487,203300,NEAR BAY
232,-122.19,37.8,52,1813,271,637,277,4.0114,263400,NEAR BAY
233,-122.19,37.79,45,2718,451,1106,454,4.6563,231800,NEAR BAY
234,-122.19,37.79,28,3144,761,1737,669,2.9297,140500,NEAR BAY
235,-122.2,37.79,35,1802,459,1009,390,2.3036,126000,NEAR BAY
236,-122.2,37.79,49,882,195,737,210,2.6667,122000,NEAR BAY
237,-122.2,37.79,44,1621,452,1354,491,2.619,134700,NEAR BAY
238,-122.21,37.79,45,2115,533,1530,474,2.4167,139400,NEAR BAY
239,-122.2,37.79,45,2021,528,1410,480,2.7788,115400,NEAR BAY
240,-122.21,37.78,46,2239,508,1390,569,2.7352,137300,NEAR BAY
241,-122.21,37.78,52,1477,300,1065,269,1.8472,137000,NEAR BAY
242,-122.21,37.78,52,1056,224,792,245,2.6583,142600,NEAR BAY
243,-122.21,37.78,49,898,244,779,245,3.0536,137500,NEAR BAY
244,-122.22,37.78,44,2968,710,2269,610,2.3906,111700,NEAR BAY
245,-122.21,37.78,43,1702,460,1227,407,1.7188,126800,NEAR BAY
246,-122.21,37.78,47,881,248,753,241,2.625,111300,NEAR BAY
247,-122.22,37.77,40,494,114,547,135,2.8015,114800,NEAR BAY
248,-122.22,37.78,50,1776,473,1807,440,1.7276,102300,NEAR BAY
249,-122.22,37.78,44,1678,514,1700,495,2.0801,131900,NEAR BAY
250,-122.22,37.78,51,1637,463,1543,393,2.489,119100,NEAR BAY
251,-122.21,37.76,52,1420,314,1085,300,1.7546,80600,NEAR BAY
252,-122.21,37.77,52,591,173,353,137,4.0904,80600,NEAR BAY
253,-122.21,37.77,52,745,153,473,149,2.6765,88800,NEAR BAY
254,-122.2,37.77,49,2272,498,1621,483,2.4338,102400,NEAR BAY
255,-122.21,37.77,46,1234,375,1183,354,2.3309,98700,NEAR BAY
256,-122.21,37.77,43,1017,328,836,277,2.2604,100000,NEAR BAY
257,-122.19,37.77,42,932,254,900,263,1.8039,92300,NEAR BAY
258,-122.2,37.77,39,2689,597,1888,537,2.2562,94800,NEAR BAY
259,-122.2,37.77,41,1547,415,1024,341,2.0562,102000,NEAR BAY
260,-122.2,37.78,52,2300,443,1225,423,3.5398,158400,NEAR BAY
261,-122.2,37.78,39,1752,399,1071,376,3.1167,121600,NEAR BAY
262,-122.2,37.78,50,1867,403,1128,378,2.5401,129100,NEAR BAY
263,-122.2,37.77,43,2430,502,1537,484,2.898,121400,NEAR BAY
264,-122.21,37.78,44,1729,414,1240,393,2.3125,102800,NEAR BAY
265,-122.19,37.78,52,1026,180,469,168,2.875,160000,NEAR BAY
266,-122.19,37.77,52,2170,428,1086,425,3.3715,143900,NEAR BAY
267,-122.19,37.77,52,2329,445,1144,417,3.5114,151200,NEAR BAY
268,-122.19,37.78,52,2492,415,1109,375,4.3125,164400,NEAR BAY
269,-122.19,37.78,52,2198,397,984,369,3.22,156500,NEAR BAY
270,-122.18,37.78,33,142,31,575,47,3.875,225000,NEAR BAY
271,-122.19,37.78,49,1183,205,496,209,5.2328,174200,NEAR BAY
272,-122.19,37.78,52,1070,193,555,190,3.7262,166900,NEAR BAY
273,-122.2,37.78,45,1766,332,869,327,4.5893,163500,NEAR BAY
274,-122.18,37.79,39,617,95,236,106,5.2578,253000,NEAR BAY
275,-122.18,37.79,41,1411,233,626,214,7.0875,240700,NEAR BAY
276,-122.18,37.79,46,2109,387,922,329,3.9712,208100,NEAR BAY
277,-122.19,37.79,47,1229,243,582,256,2.9514,198100,NEAR BAY
278,-122.19,37.79,50,954,217,546,201,2.6667,172800,NEAR BAY
279,-122.18,37.81,37,1643,262,620,266,5.4446,336700,NEAR BAY
280,-122.18,37.8,34,1355,195,442,195,6.2838,318200,NEAR BAY
281,-122.18,37.8,23,2317,336,955,328,6.7527,285800,NEAR BAY
282,-122.13,37.77,24,2459,317,916,324,7.0712,293000,NEAR BAY
283,-122.16,37.79,22,12842,2048,4985,1967,5.9849,371000,NEAR BAY
284,-122.17,37.78,42,1524,260,651,267,3.6875,157300,NEAR BAY
285,-122.17,37.77,30,3326,746,1704,703,2.875,135300,NEAR BAY
286,-122.18,37.78,43,1985,440,1085,407,3.4205,136700,NEAR BAY
287,-122.18,37.78,50,1642,322,713,284,3.2984,160700,NEAR BAY
288,-122.17,37.78,49,893,177,468,181,3.875,140600,NEAR BAY
289,-122.17,37.78,52,653,128,296,121,4.175,144000,NEAR BAY
290,-122.16,37.77,47,1256,,570,218,4.375,161900,NEAR BAY
291,-122.16,37.77,48,977,194,446,180,4.7708,156300,NEAR BAY
292,-122.16,37.77,45,2324,397,968,384,3.5739,176000,NEAR BAY
293,-122.16,37.77,39,1583,349,857,316,3.0958,145800,NEAR BAY
294,-122.17,37.77,39,1612,342,912,322,3.3958,141900,NEAR BAY
295,-122.17,37.77,31,2424,533,1360,452,1.871,90700,NEAR BAY
296,-122.17,37.76,41,1594,367,1074,355,1.9356,90600,NEAR BAY
297,-122.17,37.76,47,2118,413,965,382,2.1842,107900,NEAR BAY
298,-122.18,37.76,37,1575,358,933,320,2.2917,107000,NEAR BAY
299,-122.17,37.76,38,1764,397,987,354,2.4333,98200,NEAR BAY
300,-122.18,37.76,50,1187,261,907,246,1.9479,89500,NEAR BAY
301,-122.18,37.76,52,754,175,447,165,3.9063,93800,NEAR BAY
302,-122.18,37.76,49,2308,452,1299,451,1.8407,96700,NEAR BAY
303,-122.18,37.77,27,909,236,396,157,2.0786,97500,NEAR BAY
304,-122.18,37.77,42,1180,257,877,268,2.8125,97300,NEAR BAY
305,-122.18,37.76,43,2018,408,1111,367,1.8913,91200,NEAR BAY
306,-122.19,37.76,49,1368,282,790,269,1.7056,91400,NEAR BAY
307,-122.18,37.77,52,2744,547,1479,554,2.2768,96200,NEAR BAY
308,-122.18,37.77,51,2107,471,1173,438,3.2552,120100,NEAR BAY
309,-122.18,37.77,52,1748,362,1029,366,2.0556,100000,NEAR BAY
310,-122.19,37.76,52,2024,391,1030,350,2.4659,94700,NEAR BAY
311,-122.2,37.76,47,1116,259,826,279,1.75,85700,NEAR BAY
312,-122.19,37.77,41,2036,510,1412,454,2.0469,89300,NEAR BAY
313,-122.19,37.77,45,1852,393,1132,349,2.7159,101400,NEAR BAY
314,-122.19,37.76,41,921,207,522,159,1.2083,72500,NEAR BAY
315,-122.19,37.76,45,995,238,630,237,1.925,74100,NEAR BAY
316,-122.2,37.75,36,606,132,531,133,1.5809,70000,NEAR BAY
317,-122.2,37.76,37,2680,736,1925,667,1.4097,84600,NEAR BAY
318,-122.19,37.76,38,1493,370,1144,351,0.7683,81800,NEAR BAY
319,-122.19,37.75,19,2207,565,1481,520,1.3194,81400,NEAR BAY
320,-122.19,37.75,28,856,189,435,162,0.8012,81800,NEAR BAY
321,-122.19,37.76,26,1293,297,984,303,1.9479,85800,NEAR BAY
322,-122.19,37.74,36,847,212,567,159,1.1765,87100,NEAR BAY
323,-122.18,37.74,42,541,154,380,123,2.3456,83500,NEAR BAY
324,-122.19,37.73,44,1066,253,825,244,2.1538,79700,NEAR BAY
325,-122.19,37.74,43,707,147,417,155,2.5139,83400,NEAR BAY
326,-122.19,37.73,45,1528,291,801,287,1.2625,84700,NEAR BAY
327,-122.18,37.73,42,909,215,646,198,2.9063,80000,NEAR BAY
328,-122.18,37.73,43,1391,293,855,285,2.5192,76400,NEAR BAY
329,-122.18,37.73,44,548,119,435,136,2.1111,79700,NEAR BAY
330,-122.18,37.73,42,4074,874,2736,780,2.455,82400,NEAR BAY
331,-122.17,37.74,41,1613,445,1481,414,2.4028,97700,NEAR BAY
332,-122.17,37.74,47,463,134,327,137,2.15,97200,NEAR BAY
333,-122.17,37.74,43,818,193,494,179,2.4776,101600,NEAR BAY
334,-122.17,37.73,43,1473,371,1231,341,2.1587,86500,NEAR BAY
335,-122.18,37.74,35,504,126,323,109,1.8438,90500,NEAR BAY
336,-122.17,37.74,46,1026,226,749,225,3.0298,107600,NEAR BAY
337,-122.17,37.74,46,769,183,693,178,2.25,84200,NEAR BAY
338,-122.18,37.74,46,2103,391,1339,354,2.2467,88900,NEAR BAY
339,-122.18,37.75,45,330,76,282,80,4.0469,80700,NEAR BAY
340,-122.18,37.75,46,941,218,621,195,1.325,87100,NEAR BAY
341,-122.17,37.75,38,992,,732,259,1.6196,85100,NEAR BAY
342,-122.18,37.75,45,990,261,901,260,2.1731,82000,NEAR BAY
343,-122.19,37.75,36,1126,263,482,150,1.9167,82800,NEAR BAY
344,-122.18,37.75,43,1036,233,652,213,2.069,84600,NEAR BAY
345,-122.18,37.75,36,1047,214,651,166,1.712,82100,NEAR BAY
346,-122.17,37.76,33,1280,307,999,286,2.5625,89300,NEAR BAY
347,-122.17,37.75,43,1587,320,907,306,1.9821,98300,NEAR BAY
348,-122.17,37.75,41,1257,271,828,230,2.5043,92300,NEAR BAY
349,-122.17,37.75,44,1218,248,763,254,2.3281,88800,NEAR BAY
350,-122.17,37.75,48,1751,390,935,349,1.4375,90000,NEAR BAY
351,-122.16,37.76,45,2299,514,1437,484,2.5122,95500,NEAR BAY
352,-122.16,37.75,38,2457,624,1516,482,1.5625,91700,NEAR BAY
353,-122.17,37.75,47,998,211,597,185,3.1587,100400,NEAR BAY
354,-122.17,37.76,40,1685,343,949,342,1.8426,94800,NEAR BAY
355,-122.16,37.76,46,1827,307,881,302,4.6696,164300,NEAR BAY
356,-122.16,37.76,36,2781,574,1438,519,2.4598,155500,NEAR BAY
357,-122.15,37.76,39,1823,286,763,270,6.0749,196900,NEAR BAY
358,-122.14,37.77,27,2229,365,1297,355,4.8304,279100,NEAR BAY
359,-122.14,37.76,34,1513,231,545,211,5.5701,252800,NEAR BAY
360,-122.13,37.76,26,3266,491,1222,533,5.37,275400,NEAR BAY
361,-122.12,37.75,33,1809,261,808,219,6.86,250000,NEAR BAY
362,-122.12,37.75,28,794,111,329,109,7.6923,329800,NEAR BAY
363,-122.14,37.75,36,690,105,299,109,4.0313,195500,NEAR BAY
364,-122.14,37.75,33,1334,200,579,202,6.8323,255900,NEAR BAY
365,-122.13,37.75,30,414,54,137,50,4.975,311100,NEAR BAY
366,-122.13,37.75,36,768,93,229,93,5.3602,330000,NEAR BAY
367,-122.13,37.74,41,4400,666,1476,648,5,248900,NEAR BAY
368,-122.16,37.75,46,954,161,429,154,2.925,142900,NEAR BAY
369,-122.15,37.75,40,1445,256,849,255,3.8913,126300,NEAR BAY
370,-122.15,37.75,44,1938,399,946,331,3.225,135800,NEAR BAY
371,-122.15,37.74,41,856,178,571,191,3.1458,130600,NEAR BAY
372,-122.16,37.75,24,1790,454,1137,386,2.537,107900,NEAR BAY
373,-122.16,37.75,44,617,131,378,135,2.5568,111100,NEAR BAY
374,-122.15,37.74,43,1383,275,853,272,3.5083,122000,NEAR BAY
375,-122.15,37.74,49,1325,277,764,282,3.3125,118000,NEAR BAY
376,-122.16,37.75,40,1227,294,928,261,1.8235,95200,NEAR BAY
377,-122.16,37.75,35,667,140,406,133,3.8047,94300,NEAR BAY
378,-122.17,37.74,34,1223,281,824,280,2.2917,92500,NEAR BAY
379,-122.17,37.75,37,1379,287,835,259,2.4962,91800,NEAR BAY
380,-122.16,37.74,43,1534,300,826,295,4.0417,109400,NEAR BAY
381,-122.16,37.74,46,1029,181,567,211,3.4844,129500,NEAR BAY
382,-122.16,37.74,52,771,147,355,144,4.1458,143400,NEAR BAY
383,-122.16,37.74,47,824,223,533,166,2.625,98200,NEAR BAY
384,-122.16,37.74,44,1097,239,609,215,2.0227,103100,NEAR BAY
385,-122.29,37.9,49,1283,238,576,236,3.3333,276800,NEAR BAY
386,-122.29,37.9,52,1604,263,594,286,5.338,270900,NEAR BAY
387,-122.29,37.89,52,2248,422,870,377,3.4732,246200,NEAR BAY
388,-122.3,37.9,38,2263,522,1027,509,3.5125,224200,NEAR BAY
389,-122.29,37.89,52,1571,349,693,326,3.1375,229100,NEAR BAY
390,-122.3,37.89,46,1520,402,815,375,2.8036,211600,NEAR BAY
391,-122.3,37.9,15,5083,1212,2420,1146,4.5824,256100,NEAR BAY
392,-122.3,37.89,36,1077,293,518,276,3.0208,206300,NEAR BAY
393,-122.3,37.89,52,1248,283,620,275,4.0875,221300,NEAR BAY
394,-122.33,37.89,42,1342,291,551,266,4.5268,207400,NEAR BAY
395,-122.34,37.88,37,3061,930,2556,924,1.7375,350000,NEAR BAY
396,-122.29,37.89,52,3171,698,1498,696,3.1795,218200,NEAR BAY
397,-122.29,37.88,50,1211,261,523,227,3.8672,216700,NEAR BAY
398,-122.29,37.89,52,979,175,374,153,5.1675,270600,NEAR BAY
399,-122.29,37.89,52,2269,380,1004,371,5.1696,261400,NEAR BAY
400,-122.28,37.88,52,1844,332,769,334,4.2614,261300,NEAR BAY
401,-122.29,37.89,52,2178,421,940,423,5.0551,232200,NEAR BAY
402,-122.27,37.9,42,1650,274,645,256,5.6228,375400,NEAR BAY
403,-122.26,37.9,52,1927,279,705,288,7.8864,357300,NEAR BAY
404,-122.27,37.9,52,2079,273,684,275,7.9556,374400,NEAR BAY
405,-122.27,37.9,52,1803,240,572,236,6.174,358800,NEAR BAY
406,-122.27,37.9,52,2041,270,671,253,6.9414,417500,NEAR BAY
407,-122.27,37.89,52,3046,373,975,365,8.8342,430500,NEAR BAY
408,-122.28,37.9,52,2318,328,779,312,7.1754,362900,NEAR BAY
409,-122.28,37.9,52,2003,250,658,244,10.0825,397000,NEAR BAY
410,-122.28,37.9,52,2261,328,819,335,4.9083,346800,NEAR BAY
411,-122.28,37.89,52,1225,169,412,168,5.7912,327100,NEAR BAY
412,-122.28,37.89,52,2315,408,835,369,4.5893,290100,NEAR BAY
413,-122.28,37.89,52,2070,329,722,306,5.4171,292000,NEAR BAY
414,-122.28,37.89,52,2616,473,1085,487,4.125,270900,NEAR BAY
415,-122.27,37.89,52,2640,366,973,355,7.266,371100,NEAR BAY
416,-122.27,37.89,52,1978,293,723,272,5.3989,335600,NEAR BAY
417,-122.26,37.9,37,2220,335,903,362,7.8336,371300,NEAR BAY
418,-122.25,37.89,41,1125,195,356,181,6.1593,344000,NEAR BAY
419,-122.26,37.89,52,3078,494,1005,462,6.381,342200,NEAR BAY
420,-122.26,37.89,52,3706,531,1205,504,6.6828,370900,NEAR BAY
421,-122.25,37.89,37,3000,457,987,450,7.5385,350000,NEAR BAY
422,-122.25,37.89,42,2863,460,1031,448,6.7138,368600,NEAR BAY
423,-122.26,37.88,52,2551,417,894,404,6.2425,391800,NEAR BAY
424,-122.26,37.88,52,2255,410,823,377,5.7979,415300,NEAR BAY
425,-122.27,37.88,52,3360,648,1232,621,4.2813,284900,NEAR BAY
426,-122.27,37.88,52,1693,391,669,367,3.5417,287500,NEAR BAY
427,-122.27,37.88,44,2252,592,989,550,3.0132,272900,NEAR BAY
428,-122.28,37.88,52,2495,491,1058,464,4.1429,259600,NEAR BAY
429,-122.28,37.88,52,1193,200,506,207,4.1912,254500,NEAR BAY
430,-122.28,37.88,52,1172,215,489,218,3.9167,235600,NEAR BAY
431,-122.29,37.88,52,2159,424,824,388,3.8897,218400,NEAR BAY
432,-122.29,37.88,48,2365,490,1034,475,3.1065,229200,NEAR BAY
433,-122.29,37.88,46,1895,442,920,425,2.9926,192100,NEAR BAY
434,-122.29,37.88,52,1650,395,841,380,3.556,179300,NEAR BAY
435,-122.3,37.88,45,453,146,749,137,1.475,187500,NEAR BAY
436,-122.3,37.88,52,409,97,208,98,1.6971,138800,NEAR BAY
437,-122.3,37.87,10,503,118,228,100,2.1705,150000,NEAR BAY
438,-122.3,37.86,50,499,127,287,128,2.75,140600,NEAR BAY
439,-122.29,37.85,52,477,119,218,106,2.5682,120000,NEAR BAY
440,-122.3,37.88,46,1647,376,854,355,2.9,144800,NEAR BAY
441,-122.3,37.87,52,3123,749,1695,684,2.2208,144800,NEAR BAY
442,-122.28,37.88,52,957,188,403,172,3.2344,245500,NEAR BAY
443,-122.28,37.87,52,589,132,288,131,3.5156,200000,NEAR BAY
444,-122.28,37.87,49,2026,548,963,521,1.9805,173700,NEAR BAY
445,-122.29,37.87,50,1829,536,1129,516,2.6684,185600,NEAR BAY
446,-122.29,37.87,52,895,198,386,204,3.875,182600,NEAR BAY
447,-122.28,37.88,52,1909,416,811,406,3.006,227900,NEAR BAY
448,-122.28,37.87,46,3022,696,1293,675,2.543,220700,NEAR BAY
449,-122.28,37.87,46,1777,446,805,431,2.8676,212000,NEAR BAY
450,-122.27,37.88,52,2803,930,1372,876,2.1907,271400,NEAR BAY
451,-122.27,37.87,30,1465,439,862,425,1.7778,268800,NEAR BAY
452,-122.27,37.88,37,2619,682,1152,616,2.52,277800,NEAR BAY
453,-122.26,37.88,52,1149,255,483,249,4.2788,332500,NEAR BAY
454,-122.26,37.88,52,2363,604,1558,573,2.944,338900,NEAR BAY
455,-122.26,37.88,52,2604,837,1798,769,1.725,287500,NEAR BAY
456,-122.25,37.87,41,685,141,266,123,5.2289,384600,NEAR BAY
457,-122.25,37.87,42,1756,465,2184,422,2.5562,371400,NEAR BAY
458,-122.25,37.87,52,1204,460,2016,477,0.949,350000,NEAR BAY
459,-122.25,37.87,52,609,236,1349,250,1.1696,500001,NEAR BAY
460,-122.26,37.87,52,1087,371,3337,350,1.4012,175000,NEAR BAY
461,-122.26,37.87,52,2773,998,1721,949,1.1859,241700,NEAR BAY
462,-122.27,37.87,35,3218,1108,1675,1000,1.7464,216700,NEAR BAY
463,-122.27,37.87,49,1350,368,707,350,2.8846,211300,NEAR BAY
464,-122.27,37.87,52,3084,698,1424,694,2.7372,210200,NEAR BAY
465,-122.28,37.86,52,938,195,393,189,3.8594,196400,NEAR BAY
466,-122.28,37.87,52,1813,353,828,339,3.5625,191700,NEAR BAY
467,-122.28,37.87,52,1233,300,571,292,2.2788,182300,NEAR BAY
468,-122.29,37.87,44,2539,755,1382,713,2.537,175000,NEAR BAY
469,-122.29,37.87,46,1267,324,792,321,2.525,165900,NEAR BAY
470,-122.29,37.86,52,1665,404,815,372,1.9946,156900,NEAR BAY
471,-122.28,37.86,52,1659,367,788,346,2.8214,164300,NEAR BAY
472,-122.29,37.87,52,2225,460,1145,430,2.6165,150000,NEAR BAY
473,-122.29,37.86,50,2485,607,1354,563,1.9483,150500,NEAR BAY
474,-122.28,37.86,52,2031,450,958,445,1.9327,169900,NEAR BAY
475,-122.28,37.86,49,2932,668,1361,608,1.9798,147400,NEAR BAY
476,-122.28,37.85,52,2246,472,1005,449,2.4167,152700,NEAR BAY
477,-122.27,37.86,49,2052,435,924,414,2.5417,182700,NEAR BAY
478,-122.28,37.86,52,1999,417,780,358,3.3906,179300,NEAR BAY
479,-122.28,37.86,52,3007,691,1582,636,2.5652,157700,NEAR BAY
480,-122.28,37.86,41,2214,550,1213,568,2.2845,153100,NEAR BAY
481,-122.27,37.86,52,1088,305,486,267,2.6071,250000,NEAR BAY
482,-122.27,37.86,52,834,186,494,175,3.15,206300,NEAR BAY
483,-122.27,37.86,52,1769,372,849,365,2.6914,218800,NEAR BAY
484,-122.27,37.86,52,2307,583,1127,548,1.8447,198200,NEAR BAY
485,-122.26,37.86,35,5161,1744,3276,1742,1.6307,253600,NEAR BAY
486,-122.26,37.86,52,3497,832,1493,794,2.9044,257400,NEAR BAY
487,-122.26,37.86,52,3774,744,1461,679,2.9405,289500,NEAR BAY
488,-122.26,37.86,52,2888,604,1253,538,3.3893,241700,NEAR BAY
489,-122.25,37.86,48,2153,517,1656,459,3.0417,489600,NEAR BAY
490,-122.25,37.86,52,1389,191,514,202,7.0897,446200,NEAR BAY
491,-122.25,37.86,52,1709,318,719,295,5.0463,456300,NEAR BAY
492,-122.25,37.86,52,1587,444,878,449,1.7652,336800,NEAR BAY
493,-122.24,37.86,52,1668,225,517,214,7.8521,500001,NEAR BAY
494,-122.24,37.85,52,3726,474,1366,496,9.3959,500001,NEAR BAY
495,-122.25,37.86,52,4048,663,1316,590,5.3794,376900,NEAR BAY
496,-122.26,37.85,52,3618,768,1508,755,3.2619,309600,NEAR BAY
497,-122.27,37.85,52,4076,920,1800,815,2.7054,182300,NEAR BAY
498,-122.27,37.85,47,2077,400,719,326,2.2431,172700,NEAR BAY
499,-122.27,37.85,50,1279,300,675,255,1.9028,150800,NEAR BAY
500,-122.27,37.85,52,1974,426,875,363,1.5817,153600,NEAR BAY
501,-122.27,37.85,52,335,83,152,77,2.2841,106300,NEAR BAY
502,-122.27,37.85,47,1375,307,843,319,1.3785,142300,NEAR BAY
503,-122.28,37.85,52,610,145,281,132,2.9018,119400,NEAR BAY
504,-122.28,37.85,44,1025,198,506,204,1.73,147900,NEAR BAY
505,-122.28,37.85,48,2063,484,1054,466,2.2625,132900,NEAR BAY
506,-122.29,37.84,35,1872,419,1017,414,2.2106,132500,NEAR BAY
507,-122.28,37.83,52,3108,813,1623,765,2.6997,126900,NEAR BAY
508,-122.3,37.84,14,7355,2408,3100,2051,4.0018,143800,NEAR BAY
509,-122.23,37.83,52,2990,379,947,361,7.8772,500001,NEAR BAY
510,-122.22,37.82,39,2492,310,808,315,11.8603,500001,NEAR BAY
511,-122.22,37.82,42,2991,335,1018,335,13.499,500001,NEAR BAY
512,-122.23,37.82,52,3242,366,1001,352,12.2138,500001,NEAR BAY
513,-122.23,37.82,52,3051,381,1005,369,8.1872,466100,NEAR BAY
514,-122.23,37.82,52,3494,396,1192,383,12.3804,500001,NEAR BAY
515,-122.24,37.83,52,1757,246,585,227,5.8948,457800,NEAR BAY
516,-122.24,37.83,52,2449,312,916,316,8.1194,471600,NEAR BAY
517,-122.23,37.82,52,1611,203,556,179,8.7477,500001,NEAR BAY
518,-122.24,37.82,52,3665,517,1470,520,6.155,398600,NEAR BAY
519,-122.25,37.82,52,2474,403,1104,398,5.883,340700,NEAR BAY
520,-122.23,37.76,52,3037,516,1242,518,5.2128,289900,NEAR BAY
521,-122.23,37.76,52,2269,323,805,321,4.7188,335300,NEAR BAY
522,-122.23,37.76,52,1316,177,378,162,5.2915,333000,NEAR BAY
523,-122.24,37.77,52,1153,235,481,223,2.6411,241000,NEAR BAY
524,-122.23,37.77,52,772,179,409,160,3.3214,189600,NEAR BAY
525,-122.24,37.77,52,1711,386,885,373,3.6417,206300,NEAR BAY
526,-122.25,37.77,52,2650,566,1468,567,3.0161,215700,NEAR BAY
527,-122.25,37.77,52,1038,220,482,215,3.1771,210200,NEAR BAY
528,-122.25,37.77,52,1527,320,825,264,3.4531,208800,NEAR BAY
529,-122.25,37.77,52,859,157,429,158,4.3098,197900,NEAR BAY
530,-122.26,37.78,52,970,217,528,208,3.3438,201300,NEAR BAY
531,-122.26,37.78,52,1045,239,496,216,2.9213,190800,NEAR BAY
532,-122.27,37.78,52,1408,280,718,265,2.6806,207900,NEAR BAY
533,-122.27,37.78,52,1222,264,630,265,3.7708,215300,NEAR BAY
534,-122.27,37.78,45,1169,263,723,286,3.9444,212900,NEAR BAY
535,-122.27,37.78,13,2020,535,959,486,5.2601,292700,NEAR BAY
536,-122.28,37.79,30,4145,869,3668,855,2.5444,275000,NEAR BAY
537,-122.3,37.77,42,2038,368,2037,355,2.6447,200000,NEAR BAY
538,-122.28,37.78,29,5154,,3741,1273,2.5762,173400,NEAR BAY
539,-122.29,37.78,42,1241,309,821,300,1.9427,102200,NEAR BAY
540,-122.28,37.77,52,1468,363,870,347,2.9688,220800,NEAR BAY
541,-122.28,37.77,27,3997,1073,1901,966,3.75,242800,NEAR BAY
542,-122.29,37.76,18,2873,763,1243,663,5.1702,265400,NEAR BAY
543,-122.28,37.78,50,1487,306,730,327,2.5139,219000,NEAR BAY
544,-122.26,37.77,52,1670,350,793,299,2.9732,282100,NEAR BAY
545,-122.27,37.77,52,2252,388,1033,434,5.5337,372000,NEAR BAY
546,-122.27,37.77,52,1731,377,872,363,4.1667,225800,NEAR BAY
547,-122.27,37.77,52,1710,481,849,457,2.7115,220800,NEAR BAY
548,-122.27,37.77,52,2388,559,1121,518,3.3269,234500,NEAR BAY
549,-122.25,37.77,52,2156,458,872,445,3.2685,254200,NEAR BAY
550,-122.26,37.77,52,1565,315,637,297,4.7778,351800,NEAR BAY
551,-122.26,37.77,52,1704,371,663,340,4.226,275000,NEAR BAY
552,-122.26,37.77,52,1210,168,411,172,3.3571,405400,NEAR BAY
553,-122.26,37.77,52,2097,444,915,413,2.9899,228100,NEAR BAY
554,-122.26,37.77,52,1848,479,921,477,2.875,234000,NEAR BAY
555,-122.24,37.77,43,955,284,585,266,2.3882,162500,NEAR BAY
556,-122.25,37.77,43,4329,1110,2086,1053,2.975,243400,NEAR BAY
557,-122.23,37.76,52,3011,542,1303,535,5.1039,273800,NEAR BAY
558,-122.23,37.76,52,1049,185,374,176,4.1458,248500,NEAR BAY
559,-122.24,37.76,52,2504,516,979,472,3.4762,244000,NEAR BAY
560,-122.24,37.76,52,1846,471,827,446,2.6833,240900,NEAR BAY
561,-122.23,37.76,52,1705,246,658,253,5.75,306300,NEAR BAY
562,-122.23,37.75,50,1542,289,654,268,3.9632,240000,NEAR BAY
563,-122.24,37.75,45,891,,384,146,4.9489,247100,NEAR BAY
564,-122.24,37.75,27,4051,753,1499,797,4.8711,286600,NEAR BAY
565,-122.24,37.76,52,2646,581,1128,522,3.0718,266700,NEAR BAY
566,-122.24,37.76,49,2428,525,1110,492,3.6719,229800,NEAR BAY
567,-122.24,37.76,52,2567,436,1119,415,4.6094,229300,NEAR BAY
568,-122.24,37.73,21,7031,1249,2930,1235,4.5213,228400,NEAR BAY
569,-122.25,37.74,25,1914,365,897,390,4.4562,206200,NEAR BAY
570,-122.24,37.72,5,18634,2885,7427,2718,7.611,350700,NEAR BAY
571,-122.27,37.73,31,5785,1379,2973,1312,3.2689,231000,NEAR BAY
572,-122.25,37.76,52,2876,648,1340,632,3.567,252900,NEAR BAY
573,-122.27,37.74,28,6909,1554,2974,1484,3.6875,353900,NEAR BAY
574,-122.27,37.77,23,5679,1270,2690,1151,4.7695,291700,NEAR BAY
575,-122.28,37.75,20,1156,365,583,326,3.1972,100000,NEAR BAY
576,-122.06,37.77,12,14316,2045,5781,2007,7.2634,341600,NEAR BAY
577,-122.06,37.73,5,3596,467,1738,512,7.0568,412500,NEAR BAY
578,-122.06,37.71,36,3541,570,1478,529,4.635,248600,NEAR BAY
579,-122.07,37.71,40,1808,302,746,270,5.3015,254900,NEAR BAY
580,-122.07,37.71,36,2879,480,1235,455,4.9801,241500,NEAR BAY
581,-122.07,37.72,26,3204,477,1411,484,5.4834,295200,NEAR BAY
582,-122.08,37.72,31,3866,531,1368,521,6.187,340400,NEAR BAY
583,-122.08,37.72,32,2476,368,1048,367,5.6194,274700,NEAR BAY
584,-122.08,37.71,35,2211,350,1004,365,5.4639,238600,NEAR BAY
585,-122.09,37.71,35,2663,387,1086,367,5.1498,266400,NEAR BAY
586,-122.1,37.72,30,2599,366,922,350,5.8382,330200,NEAR BAY
587,-122.11,37.71,36,4569,824,1950,819,4.65,206800,NEAR BAY
588,-122.1,37.7,25,2973,622,1413,595,4.3819,209200,NEAR BAY
589,-122.1,37.69,30,3115,625,1444,568,3.7222,195800,NEAR BAY
590,-122.09,37.71,31,1843,282,749,269,5.2855,253500,NEAR BAY
591,-122.09,37.7,31,2053,336,867,329,4.3375,241800,NEAR BAY
592,-122.1,37.71,27,6740,1073,2723,1035,5.2131,252500,NEAR BAY
593,-122.09,37.7,30,1751,269,731,263,6.005,263900,NEAR BAY
594,-122.08,37.71,38,1663,295,781,301,5.0519,227000,NEAR BAY
595,-122.08,37.71,38,3716,657,1784,652,4.8237,220900,NEAR BAY
596,-122.08,37.7,32,2718,447,1156,410,5.2497,259300,NEAR BAY
597,-122.07,37.7,39,1420,272,645,277,4.125,232500,NEAR BAY
598,-122.06,37.7,37,1893,310,821,315,4.6005,231600,NEAR BAY
599,-122.06,37.7,33,3906,790,1912,770,3.5187,209400,NEAR BAY
600,-122.07,37.7,32,3400,736,1487,694,3,223200,NEAR BAY
601,-122.08,37.7,25,3402,758,1645,710,3.4934,209900,NEAR BAY
602,-122.09,37.7,33,4413,1107,2239,1051,2.9861,208200,NEAR BAY
603,-122.07,37.69,29,2304,618,1021,552,2.5362,203800,NEAR BAY
604,-122.08,37.69,36,2350,499,1105,467,3.3021,195700,NEAR BAY
605,-122.07,37.69,31,5914,1309,2999,1295,3.0964,190500,NEAR BAY
606,-122.08,37.69,43,1575,324,740,284,2.8512,181000,NEAR BAY
607,-122.08,37.69,42,1414,274,629,244,3.3478,184900,NEAR BAY
608,-122.08,37.68,37,848,202,314,205,2.3958,190800,NEAR BAY
609,-122.08,37.68,15,3051,685,1479,668,3.5295,242200,NEAR BAY
610,-122.09,37.69,20,4296,817,1732,800,4.8036,188300,NEAR BAY
611,-122.15,37.74,52,2898,557,1338,550,3.851,183500,NEAR BAY
612,-122.14,37.74,52,1071,201,440,192,4.0662,204200,NEAR BAY
613,-122.14,37.73,51,2619,403,922,393,4.6042,251900,NEAR BAY
614,-122.15,37.74,49,1494,316,611,288,2.2,187500,NEAR BAY
615,-122.16,37.73,52,2260,416,994,412,4.1164,198200,NEAR BAY
616,-122.15,37.74,52,1394,223,545,230,3.95,219000,NEAR BAY
617,-122.15,37.73,52,1028,129,317,143,4.9135,275000,NEAR BAY
618,-122.15,37.73,45,3758,819,1573,736,2.8355,245400,NEAR BAY
619,-122.17,37.73,46,2163,470,925,435,3.25,177500,NEAR BAY
620,-122.16,37.73,49,1699,408,768,385,2.8301,171600,NEAR BAY
621,-122.17,37.73,52,1555,289,620,292,3.7159,183300,NEAR BAY
622,-122.16,37.73,52,1114,206,425,207,2.5625,175000,NEAR BAY
623,-122.18,37.72,45,1498,313,1003,305,3.8047,156700,NEAR BAY
624,-122.18,37.71,45,726,147,519,135,3.375,157500,NEAR BAY
625,-122.17,37.71,38,890,200,481,198,3.244,179800,NEAR BAY
626,-122.18,37.7,36,2639,533,1209,519,4.0268,205500,NEAR BAY
627,-122.18,37.7,35,2562,554,1398,525,3.3906,178900,NEAR BAY
628,-122.19,37.71,36,361,69,158,58,5.5461,262500,NEAR BAY
629,-122.17,37.72,42,3008,659,1817,664,3.371,165000,NEAR BAY
630,-122.17,37.72,46,1369,284,766,289,3.5313,159700,NEAR BAY
631,-122.17,37.72,5,1692,398,814,328,3.663,158300,NEAR BAY
632,-122.16,37.72,38,1007,245,618,239,2.875,144800,NEAR BAY
633,-122.17,37.72,43,3783,814,2139,789,4.0202,166300,NEAR BAY
634,-122.16,37.71,37,1507,242,632,253,4.5553,191000,NEAR BAY
635,-122.16,37.71,36,666,132,366,134,3.4643,175000,NEAR BAY
636,-122.16,37.72,10,2229,601,877,485,3.3431,137500,NEAR BAY
637,-122.15,37.73,28,2215,587,830,573,2.1898,141700,NEAR BAY
638,-122.15,37.72,31,1616,372,739,379,2.9097,210900,NEAR BAY
639,-122.15,37.72,47,1190,251,540,266,3.375,198300,NEAR BAY
640,-122.15,37.72,29,4169,1047,2024,962,2.8125,157400,NEAR BAY
641,-122.14,37.73,52,2024,320,823,334,5,264700,NEAR BAY
642,-122.14,37.73,38,1723,394,711,353,3.0673,218400,NEAR BAY
643,-122.14,37.73,43,2264,390,931,368,3.8125,235100,NEAR BAY
644,-122.13,37.73,33,1996,268,686,270,6.9096,341800,NEAR BAY
645,-122.13,37.72,26,2862,394,1030,397,7.912,367300,NEAR BAY
646,-122.13,37.72,35,2183,383,976,392,3.8393,243500,NEAR BAY
647,-122.12,37.71,35,1037,207,552,210,4,167900,NEAR BAY
648,-122.13,37.72,25,1134,153,340,171,6.5095,371200,NEAR BAY
649,-122.14,37.72,39,786,132,288,132,3.5156,218900,NEAR BAY
650,-122.14,37.72,45,1397,253,555,248,2.983,202700,NEAR BAY
651,-122.13,37.72,45,2315,451,1006,444,3.524,186200,NEAR BAY
652,-122.13,37.71,44,1613,339,776,346,3.1103,188900,NEAR BAY
653,-122.13,37.71,44,1421,298,609,270,3.5781,180000,NEAR BAY
654,-122.15,37.71,18,5778,1526,2441,1352,3.1682,202700,NEAR BAY
655,-122.14,37.71,27,3094,866,1364,789,2.6101,181700,NEAR BAY
656,-122.14,37.71,18,3905,1007,2197,1044,3.6932,166800,NEAR BAY
657,-122.13,37.7,43,3046,557,1333,544,3.4583,183700,NEAR BAY
658,-122.13,37.7,19,3516,710,1810,703,3.9032,218000,NEAR BAY
659,-122.15,37.71,36,998,178,531,183,4.0208,191500,NEAR BAY
660,-122.15,37.7,36,1464,244,672,261,3.5547,194700,NEAR BAY
661,-122.14,37.7,17,1463,292,695,330,4.5859,187200,NEAR BAY
662,-122.13,37.7,21,4124,1054,2162,998,2.6321,223100,NEAR BAY
663,-122.13,37.69,17,2380,769,1216,643,3.395,271300,NEAR BAY
664,-122.14,37.7,36,1266,228,606,239,3.9702,194100,NEAR BAY
665,-122.16,37.7,36,2239,391,1203,379,5.0043,190400,NEAR BAY
666,-122.14,37.69,38,1571,317,874,301,4.4659,189100,NEAR BAY
667,-122.15,37.69,38,1246,221,637,222,3.6625,184600,NEAR BAY
668,-122.15,37.69,36,1501,287,703,276,3.8864,197300,NEAR BAY
669,-122.15,37.7,36,1468,252,733,229,3.4583,192600,NEAR BAY
670,-122.16,37.69,36,1118,219,625,228,3.7813,192200,NEAR BAY
671,-122.16,37.7,36,1097,208,568,225,2.9917,194600,NEAR BAY
672,-122.16,37.7,36,1719,303,836,311,4.4375,193500,NEAR BAY
673,-122.17,37.7,24,1755,365,952,362,4,202600,NEAR BAY
674,-122.16,37.68,16,1687,348,568,352,2.3869,83300,NEAR BAY
675,-122.17,37.69,24,2262,391,1125,366,4.7609,212600,NEAR BAY
676,-122.18,37.68,5,2087,407,840,401,5.4858,187800,NEAR BAY
677,-122.16,37.69,36,1480,278,796,283,4.3971,205700,NEAR BAY
678,-122.15,37.69,36,1545,273,863,267,4.0109,192900,NEAR BAY
679,-122.15,37.68,35,2632,447,1349,486,4.3864,205200,NEAR BAY
680,-122.15,37.68,30,2261,443,929,383,4.2841,213400,NEAR BAY
681,-122.15,37.69,39,1670,308,957,335,5.1312,183600,NEAR BAY
682,-122.14,37.69,37,2141,535,1093,555,2.9958,178400,NEAR BAY
683,-122.14,37.68,27,3337,613,1489,607,3.6364,219200,NEAR BAY
684,-122.14,37.68,31,3184,716,1561,628,2.7955,183100,NEAR BAY
685,-122.1,37.69,44,2341,500,1256,485,2.9507,157100,NEAR BAY
686,-122.12,37.69,30,1197,269,695,279,3.4375,157800,NEAR BAY
687,-122.13,37.69,34,1131,278,560,237,2.875,161700,NEAR BAY
688,-122.12,37.71,38,1164,284,632,289,3.0345,152100,NEAR BAY
689,-122.12,37.7,41,3495,787,1849,750,2.679,144900,NEAR BAY
690,-122.12,37.7,17,2488,617,1287,538,2.9922,179900,NEAR BAY
691,-122.12,37.69,35,2681,508,1580,536,4.1042,179100,NEAR BAY
692,-122.12,37.7,19,2495,635,1571,579,2.5833,159900,NEAR BAY
693,-122.11,37.7,23,1689,461,828,443,2.1552,161400,NEAR BAY
694,-122.11,37.7,29,1298,306,835,338,2.3274,170400,NEAR BAY
695,-122.11,37.7,19,2693,789,1765,724,2.4206,137500,NEAR BAY
696,-122.1,37.69,41,746,,387,161,3.9063,178400,NEAR BAY
697,-122.11,37.69,37,2444,651,1562,618,2.6464,155200,NEAR BAY
698,-122.11,37.69,42,1472,310,768,309,3.4643,160900,NEAR BAY
699,-122.12,37.69,10,2227,560,1140,472,2.3973,167300,NEAR BAY
700,-122.03,37.69,20,200,25,83,31,6.5,340000,NEAR BAY
701,-121.97,37.64,32,1283,194,485,171,6.0574,431000,<1H OCEAN
702,-122.02,37.63,6,2445,590,1189,573,3.8958,301100,NEAR BAY
703,-122.04,37.63,21,1307,236,586,249,4.7813,241900,NEAR BAY
704,-122.05,37.63,5,3785,936,2240,792,3.2829,162500,NEAR BAY
705,-122.04,37.66,10,2031,357,867,352,5.3169,299200,NEAR BAY
706,-122.04,37.65,10,8299,1326,3827,1288,6.2579,315500,NEAR BAY
707,-122.05,37.68,23,7518,1279,3827,1294,5.1701,216800,NEAR BAY
708,-122.07,37.68,36,1815,426,1280,431,3.25,218100,NEAR BAY
709,-122.06,37.68,30,5367,1207,2667,1047,3.1796,170300,NEAR BAY
710,-122.08,37.68,26,1167,370,253,137,2.4196,275000,NEAR BAY
711,-122.08,37.68,26,2607,682,1401,607,2.6563,184100,NEAR BAY
712,-122.08,37.67,29,493,168,233,152,0.9637,160000,NEAR BAY
713,-122.09,37.67,48,1252,305,673,308,2.3357,175000,NEAR BAY
714,-122.09,37.68,41,1382,353,704,314,3.5114,197500,NEAR BAY
715,-122.09,37.69,43,500,110,273,120,3.3125,150000,NEAR BAY
716,-122.09,37.68,29,2333,538,1120,540,2.4042,205600,NEAR BAY
717,-122.09,37.68,41,1834,463,1105,467,2.8322,170300,NEAR BAY
718,-122.09,37.68,43,1415,348,569,293,2.5156,190900,NEAR BAY
719,-122.1,37.68,37,1352,342,691,324,3.4032,196900,NEAR BAY
720,-122.1,37.68,37,2116,503,1109,448,2.535,174000,NEAR BAY
721,-122.11,37.68,37,1976,481,1197,465,2.5772,170200,NEAR BAY
722,-122.1,37.68,38,1779,413,1061,400,3.0962,180900,NEAR BAY
723,-122.1,37.67,34,3659,897,2479,903,2.9564,150500,NEAR BAY
724,-122.1,37.68,31,1892,428,1162,389,3.125,167100,NEAR BAY
725,-122.12,37.68,35,1958,484,1146,448,2.95,148900,NEAR BAY
726,-122.12,37.68,40,1553,253,724,267,4.38,196400,NEAR BAY
727,-122.12,37.68,37,2412,394,975,375,4.0417,191100,NEAR BAY
728,-122.11,37.67,36,2110,389,952,370,3.8,187500,NEAR BAY
729,-122.12,37.68,45,2179,401,1159,399,3.4839,180600,NEAR BAY
730,-122.13,37.68,45,2457,445,1129,422,4.0588,182800,NEAR BAY
731,-122.13,37.68,44,2147,399,1175,401,4.1974,179300,NEAR BAY
732,-122.13,37.68,43,1676,340,924,328,3.6,179400,NEAR BAY
733,-122.14,37.68,35,2976,518,1424,538,4.267,210300,NEAR BAY
734,-122.14,37.67,34,3036,533,1366,500,4.2386,192300,NEAR BAY
735,-122.15,37.67,35,2472,398,1171,390,5.5797,198100,NEAR BAY
736,-122.14,37.67,36,1487,249,641,243,4.0682,196200,NEAR BAY
737,-122.13,37.67,38,2012,347,880,332,3.1734,181600,NEAR BAY
738,-122.14,37.67,37,3342,,1635,557,4.7933,186900,NEAR BAY
739,-122.14,37.67,37,3156,534,1495,543,4.8125,188300,NEAR BAY
740,-122.13,37.67,40,1748,318,914,317,3.8676,184000,NEAR BAY
741,-122.12,37.67,33,3429,681,1798,694,3.9395,184700,NEAR BAY
742,-122.13,37.67,42,3592,703,1625,665,3.2434,179900,NEAR BAY
743,-122.11,37.67,38,1035,247,599,224,3.0917,167200,NEAR BAY
744,-122.11,37.67,32,3028,811,2037,703,3.0645,165400,NEAR BAY
745,-122.09,37.67,33,2431,655,1854,603,2.7019,154000,NEAR BAY
746,-122.09,37.67,39,2069,500,1408,478,3.1115,153500,NEAR BAY
747,-122.09,37.66,40,1340,313,766,271,3.4722,135400,NEAR BAY
748,-122.09,37.66,39,1160,259,725,274,2.2222,158300,NEAR BAY
749,-122.05,37.68,32,2015,318,1019,340,6.1104,240700,NEAR BAY
750,-122.06,37.67,22,3882,816,1830,743,4.2733,180700,NEAR BAY
751,-122.07,37.67,27,3239,671,1469,616,3.2465,230600,NEAR BAY
752,-122.07,37.67,28,2932,739,1198,624,3.2417,210800,NEAR BAY
753,-122.07,37.67,38,2104,409,1039,394,3.875,165300,NEAR BAY
754,-122.04,37.67,29,1694,251,690,242,6.0501,254200,NEAR BAY
755,-122.04,37.67,18,3000,419,1155,415,6.8233,332600,NEAR BAY
756,-122.04,37.66,23,2419,348,1066,384,6.3501,350000,NEAR BAY
757,-122.07,37.66,28,2280,610,1255,587,2.6719,161200,NEAR BAY
758,-122.07,37.66,21,5031,1168,2461,1042,3.875,179300,NEAR BAY
759,-122.08,37.66,33,1547,372,1063,356,2.5625,154300,NEAR BAY
760,-122.07,37.65,31,3300,790,2181,740,3.016,161800,NEAR BAY
761,-122.08,37.65,17,5018,1439,3069,1299,2.7694,161900,NEAR BAY
762,-122.08,37.65,35,1813,393,1093,374,3.6818,165400,NEAR BAY
763,-122.08,37.66,37,1997,436,1349,437,2.1382,166600,NEAR BAY
764,-122.1,37.66,37,901,191,599,206,3.7303,149700,NEAR BAY
765,-122.1,37.66,35,686,142,480,149,3.875,162100,NEAR BAY
766,-122.1,37.66,33,1954,464,1293,448,3.0489,152600,NEAR BAY
767,-122.09,37.65,27,2630,722,1414,634,2.8203,195200,NEAR BAY
768,-122.09,37.65,35,1130,192,543,184,4.3897,190600,NEAR BAY
769,-122.09,37.65,35,1184,200,572,194,4.7143,193800,NEAR BAY
770,-122.1,37.66,34,656,115,342,112,4.6875,200600,NEAR BAY
771,-122.11,37.66,29,2544,643,2332,603,3.2091,150000,NEAR BAY
772,-122.1,37.66,36,1305,225,768,234,4.275,185300,NEAR BAY
773,-122.11,37.66,36,1755,316,913,299,4.1302,172700,NEAR BAY
774,-122.11,37.66,35,2843,652,1726,643,3.09,174100,NEAR BAY
775,-122.1,37.65,25,2538,494,1185,501,4.5417,194400,NEAR BAY
776,-122.1,37.64,28,1784,311,735,278,4.6635,206700,NEAR BAY
777,-122.1,37.65,31,1797,327,796,319,4.4427,204500,NEAR BAY
778,-122.1,37.65,36,410,76,252,82,4.5303,175000,NEAR BAY
779,-122.12,37.65,26,162,27,86,25,2.375,137500,NEAR BAY
780,-122.1,37.63,18,9963,2031,5613,1946,3.8171,187200,NEAR BAY
781,-122.1,37.61,35,2361,458,1727,467,4.5281,173600,NEAR BAY
782,-122.13,37.66,19,862,167,407,183,4.3456,163000,NEAR BAY
783,-122.11,37.65,18,4335,808,2041,734,3.4861,331600,NEAR BAY
784,-122.11,37.64,31,1487,280,854,301,5.2312,197600,NEAR BAY
785,-122.11,37.64,8,3592,849,1907,746,3.6708,197900,NEAR BAY
786,-122.12,37.64,40,432,102,264,77,3.8875,228100,NEAR BAY
787,-122.09,37.63,34,1457,242,735,249,3.9167,189500,NEAR BAY
788,-122.09,37.64,32,1578,284,836,292,3.9063,184200,NEAR BAY
789,-122.1,37.63,29,2172,435,1377,408,3.7895,180900,NEAR BAY
790,-122.08,37.64,36,1340,245,789,248,3.8,172000,NEAR BAY
791,-122.08,37.64,36,1116,199,662,226,5.7309,177900,NEAR BAY
792,-122.09,37.64,36,1885,307,853,271,4.1141,173100,NEAR BAY
793,-122.09,37.64,36,1180,212,664,200,5.2838,172600,NEAR BAY
794,-122.08,37.64,30,5267,1253,4065,1113,3.3479,182100,NEAR BAY
795,-122.08,37.64,23,1897,440,1109,418,3.142,179500,NEAR BAY
796,-122.08,37.63,31,767,171,548,185,3.7614,176000,NEAR BAY
797,-122.08,37.63,33,691,127,431,149,4.25,192600,NEAR BAY
798,-122.08,37.64,36,786,133,463,160,3.9338,182700,NEAR BAY
799,-122.07,37.64,22,5861,1516,5436,1463,2.5158,134900,NEAR BAY
800,-122.07,37.63,27,2784,723,2028,693,2.4808,157600,NEAR BAY
801,-122.07,37.64,25,4524,860,2426,862,4.7083,190900,NEAR BAY
802,-122.06,37.64,37,1468,304,1038,282,4.1652,158200,NEAR BAY
803,-122.06,37.64,20,1655,450,857,430,3.5541,350000,NEAR BAY
804,-122.06,37.65,33,1227,286,848,291,3.8036,158200,NEAR BAY
805,-122.06,37.64,33,1160,252,729,220,3.8259,146100,NEAR BAY
806,-122.04,37.63,33,952,172,369,159,3.2331,226700,NEAR BAY
807,-122.03,37.62,35,2072,352,1001,350,4.7109,198700,NEAR BAY
808,-122.03,37.62,32,2964,547,1472,527,4.2468,221200,NEAR BAY
809,-122.04,37.62,35,1032,173,453,176,6.396,208500,NEAR BAY
810,-122.04,37.62,35,657,118,328,134,3.8125,204200,NEAR BAY
811,-122.04,37.62,32,1540,324,793,302,3.2857,193200,NEAR BAY
812,-122.03,37.62,35,1298,236,632,204,3.8929,209500,NEAR BAY
813,-122.03,37.61,36,1409,271,1002,281,3.7262,164900,NEAR BAY
814,-122.03,37.61,37,1383,259,808,241,4.0125,161400,NEAR BAY
815,-122.04,37.61,36,1151,216,727,215,4.1719,187000,NEAR BAY
816,-122.04,37.62,35,899,179,455,185,4.2857,190400,NEAR BAY
817,-122.08,37.63,37,1793,364,1534,346,3.6458,156600,NEAR BAY
818,-122.08,37.62,17,2485,518,1139,550,2.6875,157300,NEAR BAY
819,-122.07,37.63,35,1931,376,1175,337,3.7292,168100,NEAR BAY
820,-122.07,37.63,24,2329,465,1401,453,4.5913,177600,NEAR BAY
821,-122.06,37.63,12,6711,1374,3388,1289,3.8625,208900,NEAR BAY
822,-122.06,37.63,23,1939,356,841,364,3.3611,169200,NEAR BAY
823,-122.05,37.61,16,1642,346,705,351,2.8971,163900,NEAR BAY
824,-122.08,37.63,34,1619,293,1148,310,4.0326,164700,NEAR BAY
825,-122.08,37.63,35,517,108,391,107,4.0682,156900,NEAR BAY
826,-122.09,37.63,36,1570,274,992,249,5.3644,168800,NEAR BAY
827,-122.09,37.63,35,1213,221,790,243,4.7019,174100,NEAR BAY
828,-122.08,37.62,27,1826,309,1016,313,5.64,206500,NEAR BAY
829,-122.08,37.61,26,2261,443,1039,395,3.7931,203900,NEAR BAY
830,-121.99,37.61,9,3666,711,2341,703,4.6458,217000,<1H OCEAN
831,-122.02,37.6,36,1633,345,1382,338,3.694,159600,NEAR BAY
832,-122.02,37.6,31,2155,522,1858,437,2.652,159800,NEAR BAY
833,-122.02,37.6,32,1295,280,1156,300,3.5,154300,NEAR BAY
834,-122.02,37.6,32,1295,295,1097,328,3.2386,149600,NEAR BAY
835,-122.03,37.61,33,1518,302,831,268,5.097,188600,NEAR BAY
836,-122.04,37.6,17,3314,638,1873,602,4.3875,238500,NEAR BAY
837,-122.06,37.6,22,3009,497,1640,514,4.625,235300,NEAR BAY
838,-122.08,37.61,6,2605,474,1568,433,5.0406,261400,NEAR BAY
839,-122.06,37.6,17,5159,832,3174,817,5.8704,234400,NEAR BAY
840,-122.06,37.6,18,1726,276,1186,310,5.3226,231700,NEAR BAY
841,-122.08,37.59,16,1816,365,1367,355,4.235,156300,NEAR BAY
842,-122.07,37.59,13,2578,551,1680,528,4.825,222000,NEAR BAY
843,-122.08,37.58,15,2576,418,1657,410,5.5218,254400,NEAR BAY
844,-122.07,37.58,16,1644,251,1033,267,6.5116,244300,NEAR BAY
845,-122.07,37.58,16,1606,240,1117,268,6.0661,247000,NEAR BAY
846,-122.08,37.58,16,3349,544,2003,488,6.0074,236500,NEAR BAY
847,-122.07,37.59,15,3475,686,2568,653,4.6211,151400,NEAR BAY
848,-122.07,37.58,16,1893,338,1461,344,5.225,213700,NEAR BAY
849,-122.04,37.59,14,1727,302,1116,273,5.3428,243600,NEAR BAY
850,-122.05,37.59,15,6243,1273,3163,1274,3.7462,212500,NEAR BAY
851,-122.03,37.6,24,2077,383,1488,389,4.5721,214700,NEAR BAY
852,-122.02,37.59,18,1165,333,855,319,3.6923,213200,NEAR BAY
853,-122.03,37.59,16,4371,889,2530,817,4.6786,256000,NEAR BAY
854,-122.01,37.59,2,838,295,240,149,2.875,237500,NEAR BAY
855,-122.02,37.58,15,3052,760,2097,728,3.3617,178100,NEAR BAY
856,-122.01,37.58,17,4313,717,2629,721,5.7579,231800,NEAR BAY
857,-122.09,37.6,36,385,94,295,92,2.9706,147900,NEAR BAY
858,-122.08,37.6,10,3046,678,2056,628,3.9022,191700,NEAR BAY
859,-121.97,37.57,21,4342,783,2172,789,4.6146,247600,<1H OCEAN
860,-121.96,37.58,15,3575,597,1777,559,5.7192,283500,<1H OCEAN
861,-121.98,37.58,20,4126,1031,2079,975,3.6832,216900,<1H OCEAN
862,-121.99,37.58,31,2878,478,1276,485,6.2073,282500,<1H OCEAN
863,-122,37.58,6,4405,717,2071,688,5.8151,295600,<1H OCEAN
864,-122.01,37.57,14,16199,2993,8117,2847,5.8322,281800,NEAR BAY
865,-122.04,37.58,14,14917,2708,8012,2606,5.6277,269800,NEAR BAY
866,-122.04,37.57,12,5719,1064,3436,1057,5.2879,231200,NEAR BAY
867,-122.07,37.57,8,8647,1407,5019,1379,6.5615,318300,NEAR BAY
868,-122.06,37.58,15,8112,1376,4576,1348,5.6758,253400,NEAR BAY
869,-122.05,37.57,7,10648,1818,6075,1797,6.1047,278200,NEAR BAY
870,-121.93,37.49,5,1150,311,648,245,3.5714,300000,<1H OCEAN
871,-122.07,37.52,3,14014,2861,7205,2753,6.0824,273500,NEAR BAY
872,-122.02,37.56,23,4332,857,2461,829,4.3594,223400,NEAR BAY
873,-122.02,37.56,35,1716,312,914,316,5.5737,214500,NEAR BAY
874,-122.03,37.56,31,4981,964,2841,924,4.8962,220200,NEAR BAY
875,-122.03,37.56,24,8444,1492,4446,1491,4.6978,240300,NEAR BAY
876,-122.01,37.56,6,3028,778,1531,736,4.4259,158000,NEAR BAY
877,-122.01,37.55,26,2068,532,1434,495,3.3008,224200,NEAR BAY
878,-122.02,37.55,33,1325,274,909,267,4.5687,177200,NEAR BAY
879,-122.01,37.56,24,2563,485,1174,501,3.8179,216100,NEAR BAY
880,-121.99,37.56,18,5505,1005,2641,971,5,269700,<1H OCEAN
881,-121.99,37.56,20,6462,1294,3288,1235,4.3393,231200,<1H OCEAN
882,-121.96,37.55,4,3746,993,1606,838,4.1387,162500,<1H OCEAN
883,-121.97,37.56,13,8918,1823,4518,1772,4.8052,254000,<1H OCEAN
884,-121.97,37.54,31,1949,344,986,322,4.6349,196200,<1H OCEAN
885,-121.97,37.55,17,4924,1247,3080,1182,3.168,189400,<1H OCEAN
886,-121.98,37.54,17,5133,1375,3386,1339,3.1326,220800,<1H OCEAN
887,-121.99,37.55,16,6647,2098,4649,1903,2.9074,213800,<1H OCEAN
888,-121.94,37.56,15,5674,748,2412,714,8.3996,442900,<1H OCEAN
889,-121.95,37.55,21,10687,1540,4552,1520,6.6478,333400,<1H OCEAN
890,-121.93,37.54,25,1354,192,596,220,6.629,352400,<1H OCEAN
891,-121.94,37.54,27,3715,526,1631,538,6.2179,305300,<1H OCEAN
892,-121.94,37.53,33,2095,342,941,304,5.761,259600,<1H OCEAN
893,-121.95,37.54,29,3517,645,1724,585,4.6641,248900,<1H OCEAN
894,-121.94,37.54,31,2537,382,1067,410,6.7599,356000,<1H OCEAN
895,-121.96,37.54,14,5106,1207,2738,1108,3.9909,236000,<1H OCEAN
896,-121.96,37.53,23,2215,475,1278,492,4.2955,218800,<1H OCEAN
897,-121.96,37.53,28,2949,529,1538,545,4.9615,228000,<1H OCEAN
898,-121.96,37.53,18,2375,652,1252,586,2.6198,235900,<1H OCEAN
899,-121.97,37.54,28,2312,496,1344,467,4.7135,203200,<1H OCEAN
900,-121.97,37.53,35,2277,420,1353,413,4.75,197000,<1H OCEAN
901,-121.97,37.53,26,2506,387,1273,406,5.4299,236400,<1H OCEAN
902,-121.98,37.53,28,2829,566,1610,540,4.6,223200,<1H OCEAN
903,-121.98,37.53,26,3179,703,2142,639,4.1947,222700,<1H OCEAN
904,-121.99,37.54,26,2332,371,1285,404,5.388,225000,<1H OCEAN
905,-121.99,37.54,18,3584,715,1673,661,3.9444,240100,<1H OCEAN
906,-121.99,37.54,28,3046,507,1772,516,5.3283,227900,<1H OCEAN
907,-121.99,37.55,28,2414,415,1106,453,4.8403,268600,<1H OCEAN
908,-122,37.54,29,4133,744,2023,749,5.1616,275100,<1H OCEAN
909,-122.01,37.55,34,2791,495,1276,468,4.9167,256300,NEAR BAY
910,-122,37.55,27,6103,1249,3026,1134,4.1591,332400,<1H OCEAN
911,-122.01,37.54,32,2572,406,1128,395,5,287600,NEAR BAY
912,-122,37.54,26,1910,371,852,357,5.8325,298900,<1H OCEAN
913,-122.01,37.53,27,1890,303,889,314,5.7057,287600,NEAR BAY
914,-121.99,37.53,25,5405,939,2831,923,5.0423,222200,<1H OCEAN
915,-121.97,37.52,26,3761,623,1776,613,4.5317,232600,<1H OCEAN
916,-121.97,37.51,25,3333,511,1671,504,5.4359,258300,<1H OCEAN
917,-121.97,37.52,23,4925,948,2530,894,5.0824,230900,<1H OCEAN
918,-121.95,37.52,33,3994,764,2721,763,5.2308,196900,<1H OCEAN
919,-121.96,37.51,22,5811,1125,3215,1086,4.4107,223500,<1H OCEAN
920,-121.96,37.52,26,4211,741,2352,734,5.2396,223900,<1H OCEAN
921,-121.93,37.53,27,5532,973,2855,960,4.7478,243500,<1H OCEAN
922,-121.92,37.53,7,28258,3864,12203,3701,8.4045,451100,<1H OCEAN
923,-121.89,37.49,9,4909,577,1981,591,9.7194,500001,<1H OCEAN
924,-121.92,37.49,10,7441,1588,3571,1466,5.1643,193100,<1H OCEAN
925,-121.92,37.48,23,4314,676,1972,623,5.3813,264400,<1H OCEAN
926,-121.92,37.47,26,2016,322,1105,357,6.0878,246900,<1H OCEAN
927,-121.91,37.47,13,5377,744,2759,760,6.868,337300,<1H OCEAN
928,-122.03,37.55,22,9167,1373,4319,1404,6.992,284800,NEAR BAY
929,-122.03,37.55,26,3087,532,1597,483,4.9118,217300,NEAR BAY
930,-122.04,37.55,23,3170,532,1446,515,4.4357,291700,NEAR BAY
931,-122.04,37.54,26,2145,369,1285,377,4.9464,223800,NEAR BAY
932,-122.05,37.54,25,4209,731,2568,703,5.2882,223100,NEAR BAY
933,-122.05,37.55,23,4247,835,2357,823,5.1321,211300,NEAR BAY
934,-122.04,37.53,25,4458,922,2998,890,3.9667,218500,NEAR BAY
935,-122.04,37.5,17,407,97,307,100,3.1696,156300,NEAR BAY
936,-122.06,37.54,20,6483,1068,3526,1060,5.0838,248200,NEAR BAY
937,-122.03,37.54,35,1867,343,1213,338,4.8214,186000,NEAR BAY
938,-122.03,37.54,6,2918,672,1911,639,4.1406,178200,NEAR BAY
939,-122.04,37.53,34,2316,478,1524,467,3.7364,190400,NEAR BAY
940,-122.02,37.54,31,1240,264,719,236,3.535,210300,NEAR BAY
941,-122.03,37.54,16,4458,856,3038,870,5.0739,208000,NEAR BAY
942,-122.03,37.53,18,1746,437,1268,404,3.256,183300,NEAR BAY
943,-122.01,37.53,19,4572,712,2346,709,6.0667,245700,NEAR BAY
944,-122.02,37.53,21,4280,673,2216,681,5.7072,242200,NEAR BAY
945,-122,37.51,7,6352,1390,3223,1316,4.9867,181700,<1H OCEAN
946,-121.92,37.72,4,7477,1576,2937,1506,5.1437,299400,<1H OCEAN
947,-121.92,37.72,22,4638,716,2302,687,5.347,219500,<1H OCEAN
948,-121.91,37.71,25,4377,668,2038,671,5.7233,231800,<1H OCEAN
949,-121.93,37.72,26,3816,637,1935,642,4.4697,221300,<1H OCEAN
950,-121.93,37.72,26,2806,459,1453,444,4.9107,213800,<1H OCEAN
951,-121.93,37.71,26,4822,845,2288,805,4.2281,206000,<1H OCEAN
952,-121.94,37.71,15,6473,1027,2484,970,5.0143,271100,<1H OCEAN
953,-121.96,37.71,6,8072,1050,3386,1062,7.2494,336500,<1H OCEAN
954,-121.92,37.64,46,1280,209,512,208,5.1406,315600,INLAND
955,-121.93,37.66,24,3166,424,1081,400,8.3337,500001,<1H OCEAN
956,-121.92,37.69,13,3742,555,1590,559,7.316,285400,<1H OCEAN
957,-121.9,37.66,18,7397,1137,3126,1115,6.4994,323000,INLAND
958,-121.92,37.68,23,1655,223,706,219,7.2211,291900,<1H OCEAN
959,-121.93,37.7,3,2456,582,793,456,4.4087,225600,<1H OCEAN
960,-121.91,37.69,23,2179,308,926,299,5.9345,259600,<1H OCEAN
961,-121.91,37.68,20,1804,254,831,260,6.177,262900,<1H OCEAN
962,-121.91,37.68,18,3631,547,1700,520,5.817,257300,<1H OCEAN
963,-121.91,37.69,18,2876,423,1395,427,6.3132,259200,<1H OCEAN
964,-121.89,37.68,12,7490,1207,3329,1136,6.3373,339700,<1H OCEAN
965,-121.88,37.68,23,2234,270,854,286,7.333,337200,INLAND
966,-121.89,37.68,22,1898,239,734,245,6.2918,334100,<1H OCEAN
967,-121.88,37.67,16,4070,624,1543,577,6.5214,311500,INLAND
968,-121.88,37.67,25,2244,301,937,324,6.4524,296900,INLAND
969,-121.89,37.67,20,2948,471,1181,474,6.0604,247900,INLAND
970,-121.89,37.67,19,2034,288,852,295,6.5285,300400,INLAND
971,-121.9,37.67,15,2130,273,876,285,7.2639,332400,<1H OCEAN
972,-121.9,37.67,7,9540,1294,3926,1229,7.4353,389800,<1H OCEAN
973,-121.88,37.66,29,2702,680,1360,642,3.1127,233000,INLAND
974,-121.87,37.66,39,522,116,161,102,2.4896,238500,INLAND
975,-121.87,37.66,52,775,134,315,123,5.0677,233300,INLAND
976,-121.89,37.66,3,1565,464,769,461,2.1187,231300,INLAND
977,-121.88,37.64,20,1309,184,514,172,10.9506,475800,INLAND
978,-121.87,37.57,13,5519,833,2444,825,7.0691,393200,<1H OCEAN
979,-121.87,37.67,10,4337,800,1813,743,5.5,247200,INLAND
980,-121.87,37.67,28,1812,294,853,278,4.9879,229400,INLAND
981,-121.85,37.68,4,4719,741,1895,742,6.8132,282500,INLAND
982,-121.85,37.66,14,4236,701,1833,663,5.6399,300600,INLAND
983,-121.86,37.66,22,3634,664,1699,640,4.1597,293200,INLAND
984,-121.87,37.66,27,1569,242,583,214,5.7519,278500,INLAND
985,-121.84,37.66,13,13182,2074,4847,1950,5.6417,352900,INLAND
986,-121.85,37.72,43,228,40,83,42,10.3203,400000,INLAND
987,-121.82,37.73,47,127,23,51,21,4.3472,375000,INLAND
988,-121.86,37.7,13,9621,1344,4389,1391,6.6827,313700,INLAND
989,-121.89,37.69,4,6159,1510,2649,1241,3.62,139300,<1H OCEAN
990,-121.77,37.65,16,4290,554,1952,576,7.3588,327500,INLAND
991,-121.62,37.61,26,1786,306,771,279,5.7239,430600,INLAND
992,-121.61,37.77,32,404,74,144,58,4.2083,125000,INLAND
993,-121.72,37.7,17,1671,352,729,252,6.1023,450000,INLAND
994,-121.73,37.71,12,5608,1049,2595,1067,3.9864,200200,INLAND
995,-121.75,37.71,11,12070,2220,5826,2125,4.8624,192400,INLAND
996,-121.77,37.74,25,494,81,254,85,9.1531,418800,INLAND
997,-121.8,37.7,22,5533,943,2474,910,4.7361,216800,INLAND
998,-121.8,37.69,17,3956,639,2222,662,5.4324,215500,INLAND
999,-121.82,37.69,12,1906,351,802,319,4.9375,227700,INLAND
1000,-121.76,37.69,29,3433,711,1919,709,3.3841,184400,INLAND
1001,-121.77,37.68,36,1687,372,950,372,3.5532,158400,INLAND
1002,-121.78,37.69,34,2358,498,1157,461,3.3618,174600,INLAND
1003,-121.78,37.69,35,2853,588,1761,572,4.3533,168400,INLAND
1004,-121.79,37.69,25,6296,1082,3200,1047,4.5357,188400,INLAND
1005,-121.76,37.7,9,3980,736,1705,679,5.7068,256700,INLAND
1006,-121.75,37.69,26,2647,536,1422,522,3.7212,183800,INLAND
1007,-121.75,37.68,35,1755,299,702,263,5.2443,183400,INLAND
1008,-121.76,37.68,35,1864,357,1189,349,4.2361,177500,INLAND
1009,-121.76,37.68,32,1078,207,555,197,3.1856,186900,INLAND
1010,-121.73,37.68,17,20354,3493,8768,3293,5.4496,238900,INLAND
1011,-121.78,37.68,17,3112,872,1392,680,3.0222,172500,INLAND
1012,-121.77,37.68,44,495,112,277,109,2.6667,179200,INLAND
1013,-121.76,37.68,52,2157,418,929,419,3.7301,204400,INLAND
1014,-121.77,37.68,41,1501,299,629,288,4.6806,209400,INLAND
1015,-121.77,37.67,20,8068,1217,3489,1259,5.7907,264200,INLAND
1016,-121.76,37.67,6,3023,518,1225,468,6.3705,350000,INLAND
1017,-121.78,37.67,26,2211,344,1024,321,5.2649,199800,INLAND
1018,-121.79,37.67,26,2163,339,947,346,6.0797,211000,INLAND
1019,-121.78,37.67,28,1773,278,804,269,4.8571,201100,INLAND
1020,-121.78,37.66,25,1947,418,900,354,3.8523,193000,INLAND
1021,-121.79,37.66,22,14701,2210,6693,2232,5.98,245000,INLAND
1022,-119.78,38.69,17,1364,282,338,152,2.45,117600,INLAND
1023,-119.93,38.72,15,2061,465,573,196,2.2417,97900,INLAND
1024,-120,38.52,16,3045,543,202,102,3.15,140600,INLAND
1025,-120.56,38.48,14,3545,702,946,411,3.4609,120900,INLAND
1026,-120.59,38.45,13,2944,558,1091,466,3,119000,INLAND
1027,-120.55,38.46,16,1443,249,435,181,3.2031,129200,INLAND
1028,-120.55,38.45,17,2277,474,767,356,2.5208,99100,INLAND
1029,-120.55,38.43,18,1564,357,618,277,2.3549,108900,INLAND
1030,-120.25,38.55,15,4403,891,1103,433,3.0125,111700,INLAND
1031,-120.79,38.54,34,1133,254,495,187,2.05,68900,INLAND
1032,-120.8,38.51,23,1001,195,369,157,3.125,96400,INLAND
1033,-120.65,38.5,10,1783,337,638,262,2.65,116700,INLAND
1034,-120.76,38.47,17,1521,309,607,240,3.5,123800,INLAND
1035,-120.88,38.45,25,1374,297,657,288,2.5476,97900,INLAND
1036,-120.79,38.43,40,1391,246,546,214,3.9107,129800,INLAND
1037,-120.69,38.44,13,1473,265,597,228,4.2917,121300,INLAND
1038,-120.93,38.5,15,1248,234,529,216,3.3393,107200,INLAND
1039,-120.97,38.42,16,1748,322,4930,287,4.3029,121900,INLAND
1040,-120.87,38.37,28,3998,765,1614,698,2.8125,113400,INLAND
1041,-120.98,38.34,27,3471,653,1793,600,3.5508,99100,INLAND
1042,-120.88,38.32,18,2791,492,1187,438,3.2589,103000,INLAND
1043,-120.93,38.26,13,2084,449,834,305,3.2937,114200,INLAND
1044,-120.72,38.42,17,5654,1085,2237,953,3.0465,144100,INLAND
1045,-120.77,38.38,15,4221,816,1737,743,2.3125,128600,INLAND
1046,-120.72,38.38,9,1787,347,806,306,2.525,157200,INLAND
1047,-120.66,38.4,18,2144,420,985,381,3.175,118500,INLAND
1048,-120.65,38.42,23,1538,305,730,267,2.6078,116700,INLAND
1049,-120.62,38.39,15,3750,691,1444,603,2.7399,134800,INLAND
1050,-120.69,38.36,19,3267,614,1252,566,2.7236,109900,INLAND
1051,-120.71,38.34,16,1257,231,559,213,4.4531,144300,INLAND
1052,-120.8,38.31,37,1341,256,533,242,3.2135,123600,INLAND
1053,-121.83,39.76,12,9831,1921,4644,1775,3.1142,112600,INLAND
1054,-121.82,39.76,23,6010,1116,2710,1149,3.0068,107300,INLAND
1055,-121.86,39.78,12,7653,1578,3628,1494,3.0905,117800,INLAND
1056,-121.85,39.77,17,5273,1177,2446,1199,1.9362,89900,INLAND
1057,-121.84,39.76,14,2351,620,1215,548,2.3155,102300,INLAND
1058,-121.86,39.76,19,7254,1785,4030,1667,2.0094,87300,INLAND
1059,-121.89,39.76,15,10265,1860,4591,1906,3.07,142600,INLAND
1060,-121.88,39.74,12,14631,3298,7517,3262,1.6785,153100,INLAND
1061,-121.87,39.75,22,1707,296,822,297,3.6625,126600,INLAND
1062,-121.86,39.75,18,1651,309,856,293,3.5046,118300,INLAND
1063,-121.87,39.74,7,1737,290,747,265,3.9,147000,INLAND
1064,-121.85,39.75,39,568,127,267,129,1.8095,78100,INLAND
1065,-121.85,39.74,39,1139,265,623,264,2.2833,85800,INLAND
1066,-121.85,39.74,41,2901,689,1426,632,1.5633,84500,INLAND
1067,-121.85,39.73,52,444,80,1107,98,3.4191,137500,INLAND
1068,-121.85,39.73,17,3425,827,2469,758,0.9393,88900,INLAND
1069,-121.86,39.74,13,3494,843,1571,784,1.1019,120200,INLAND
1070,-121.84,39.75,29,4362,1053,2053,1000,1.7284,74500,INLAND
1071,-121.84,39.74,43,2976,599,1181,560,2.2621,85100,INLAND
1072,-121.83,39.74,34,3263,604,1290,594,2.575,130300,INLAND
1073,-121.8,39.75,28,2551,378,1011,374,4.3309,125200,INLAND
1074,-121.82,39.75,29,7744,1375,3316,1365,3.0253,111400,INLAND
1075,-121.82,39.75,37,2236,372,974,379,3.2016,97000,INLAND
1076,-121.8,39.75,11,7212,1355,3264,1264,3.1125,122600,INLAND
1077,-121.79,39.73,8,5690,1189,2887,1077,3.0625,116300,INLAND
1078,-121.78,39.71,8,140,28,84,29,2.125,179200,INLAND
1079,-121.82,39.73,44,2923,659,1371,626,2.2925,85800,INLAND
1080,-121.84,39.73,52,677,152,379,154,1.6797,94800,INLAND
1081,-121.84,39.73,52,502,100,311,100,1.5481,200000,INLAND
1082,-121.84,39.73,52,857,232,520,198,0.987,112500,INLAND
1083,-121.84,39.72,52,1457,389,802,342,0.9566,69000,INLAND
1084,-121.84,39.73,52,957,263,513,223,1.3672,55000,INLAND
1085,-121.83,39.73,52,1741,401,753,377,2.0064,77900,INLAND
1086,-121.85,39.72,18,7272,1559,5022,1524,1.6911,98800,INLAND
1087,-121.83,39.72,52,1890,420,974,383,1.6827,78700,INLAND
1088,-121.81,39.7,21,5051,1054,2948,980,1.5863,81300,INLAND
1089,-121.82,39.73,33,2242,517,1160,449,1.7426,60300,INLAND
1090,-121.82,39.72,42,2978,694,1879,679,1.5064,66300,INLAND
1091,-121.81,39.71,18,1222,250,708,281,2.0288,116700,INLAND
1092,-121.87,39.82,11,5103,825,2456,810,4.5032,159700,INLAND
1093,-121.89,39.71,26,2741,451,1217,437,3.7007,139200,INLAND
1094,-121.97,39.79,16,1453,299,904,286,3.5735,89600,INLAND
1095,-121.84,39.68,38,549,105,275,94,3.5375,153100,INLAND
1096,-121.8,39.64,25,2202,422,1109,403,2.8306,87500,INLAND
1097,-121.77,39.66,20,3759,,1705,600,4.712,158600,INLAND
1098,-121.74,39.59,24,1535,279,726,272,2.3833,95100,INLAND
1099,-121.9,39.59,20,1465,278,745,250,3.0625,93800,INLAND
1100,-121.75,39.88,16,2867,559,1203,449,2.7143,95300,INLAND
1101,-121.68,39.82,15,3996,748,1786,728,3.5189,141300,INLAND
1102,-121.54,40.06,17,858,262,47,27,2.4028,67500,INLAND
1103,-121.51,39.97,22,1468,285,611,235,2.3036,73000,INLAND
1104,-121.59,39.86,14,1527,269,665,261,2.8657,119600,INLAND
1105,-121.58,39.83,16,4591,904,1904,812,2.2419,93200,INLAND
1106,-121.6,39.8,10,1742,307,721,312,2.4537,117900,INLAND
1107,-121.62,39.79,11,3835,727,1456,658,2.5374,97200,INLAND
1108,-121.59,39.82,12,1958,369,875,354,2.3507,97600,INLAND
1109,-121.6,39.83,12,3744,699,1532,660,2.3079,95300,INLAND
1110,-121.63,39.82,11,3974,727,1610,634,2.6147,107700,INLAND
1111,-121.6,39.79,18,2672,533,1151,532,2.567,102900,INLAND
1112,-121.59,39.79,20,743,171,395,168,1.625,88300,INLAND
1113,-121.59,39.78,16,2754,570,1063,543,1.4048,86500,INLAND
1114,-121.59,39.78,18,945,205,385,207,2.1838,58000,INLAND
1115,-121.6,39.77,26,1503,343,699,296,1.875,84000,INLAND
1116,-121.61,39.77,25,1612,313,837,303,2.963,89500,INLAND
1117,-121.63,39.78,28,1677,327,770,309,2.6823,93400,INLAND
1118,-121.57,39.8,23,790,137,365,152,2.1912,115200,INLAND
1119,-121.57,39.78,18,2221,459,952,440,2.0458,105700,INLAND
1120,-121.59,39.77,24,1535,276,664,273,2.3068,97300,INLAND
1121,-121.58,39.79,19,2636,523,1184,465,2.7863,108600,INLAND
1122,-121.57,39.76,20,1384,257,557,232,2.0882,104900,INLAND
1123,-121.58,39.76,19,2487,485,1110,453,3.1061,110200,INLAND
1124,-121.58,39.76,18,1676,332,733,318,1.7875,103800,INLAND
1125,-121.59,39.75,20,908,206,481,211,2.2,80800,INLAND
1126,-121.6,39.77,23,2263,497,1138,455,2.3403,87300,INLAND
1127,-121.6,39.76,22,2447,556,1157,556,1.8245,85500,INLAND
1128,-121.61,39.76,31,2431,512,1026,427,2.5428,85000,INLAND
1129,-121.62,39.77,23,1759,366,788,359,1.8125,93500,INLAND
1130,-121.65,39.76,31,1599,318,794,303,3,96700,INLAND
1131,-121.63,39.76,22,2598,482,1151,490,2.8182,109700,INLAND
1132,-121.62,39.76,14,2063,559,934,529,1.7788,85800,INLAND
1133,-121.62,39.75,20,1173,261,523,258,1.0625,92800,INLAND
1134,-121.63,39.75,37,1296,296,569,257,1.8616,70500,INLAND
1135,-121.64,39.74,20,1808,334,763,335,2.3711,121800,INLAND
1136,-121.71,39.71,17,2748,556,1174,514,3.066,102600,INLAND
1137,-121.66,39.66,17,3502,655,1763,613,2.9625,101200,INLAND
1138,-121.56,39.69,8,2836,522,1163,512,3.13,168300,INLAND
1139,-121.57,39.74,17,1619,292,705,285,2.4623,126100,INLAND
1140,-121.59,39.74,17,1646,330,750,344,2.3798,83800,INLAND
1141,-121.6,39.75,19,2888,591,984,499,1.9766,92600,INLAND
1142,-121.6,39.68,15,1677,345,844,330,2.3958,111200,INLAND
1143,-121.5,39.83,15,1896,408,893,334,1.6948,87500,INLAND
1144,-121.41,39.72,17,1583,331,730,306,2.3895,87500,INLAND
1145,-121.39,39.61,22,2828,610,986,391,2.8871,94700,INLAND
1146,-121.24,39.65,35,632,148,221,102,2.3684,62500,INLAND
1147,-121.19,39.55,17,1483,284,481,211,1.4896,83300,INLAND
1148,-121.36,39.52,15,2490,527,1229,497,2.3917,85700,INLAND
1149,-121.56,39.52,9,818,197,358,197,1.7708,79500,INLAND
1150,-121.56,39.52,26,1957,429,945,397,1.7308,53600,INLAND
1151,-121.56,39.53,12,1733,421,1861,415,1.5771,65200,INLAND
1152,-121.54,39.6,15,886,204,576,205,2.1467,84100,INLAND
1153,-121.46,39.54,14,5549,1000,1822,919,2.9562,142300,INLAND
1154,-121.49,39.52,25,848,153,436,155,3.9028,93800,INLAND
1155,-121.44,39.5,26,1652,325,790,292,3.0446,90800,INLAND
1156,-121.47,39.49,17,1554,242,553,230,3.2174,91800,INLAND
1157,-121.47,39.51,19,3720,636,1304,607,2.6921,97500,INLAND
1158,-121.53,39.53,35,1806,293,683,295,4.5156,91200,INLAND
1159,-121.53,39.52,30,1030,161,448,159,2.4821,73800,INLAND
1160,-121.53,39.52,24,1028,185,471,186,2.9688,86400,INLAND
1161,-121.54,39.51,33,3585,757,1887,765,2.502,62100,INLAND
1162,-121.52,39.51,30,3085,610,1688,575,2.334,72200,INLAND
1163,-121.55,39.51,39,1551,353,684,310,2.0357,57600,INLAND
1164,-121.55,39.51,48,827,198,396,161,0.8024,58300,INLAND
1165,-121.55,39.51,50,1050,288,485,260,1.1607,51700,INLAND
1166,-121.56,39.51,47,1064,245,603,190,1.3654,57900,INLAND
1167,-121.56,39.51,46,1885,385,871,347,1.6352,53100,INLAND
1168,-121.57,39.5,31,2023,469,1073,436,1.5714,56100,INLAND
1169,-121.58,39.52,25,2409,490,1384,479,1.9956,58000,INLAND
1170,-121.58,39.51,24,1865,372,1087,385,1.6389,56700,INLAND
1171,-121.58,39.5,29,1947,383,925,337,2.1658,57600,INLAND
1172,-121.62,39.5,18,2105,416,974,385,1.6346,63300,INLAND
1173,-121.61,39.52,24,1610,324,909,323,1.8661,59800,INLAND
1174,-121.65,39.53,23,1387,325,640,289,1.4833,65200,INLAND
1175,-121.57,39.48,15,202,54,145,40,0.8252,42500,INLAND
1176,-121.55,39.5,26,3215,827,2041,737,1.0585,45100,INLAND
1177,-121.54,39.5,38,1438,310,779,275,1.3289,39400,INLAND
1178,-121.53,39.49,19,1537,329,617,274,1.5313,50300,INLAND
1179,-121.54,39.48,29,2896,596,1809,617,1.8047,53800,INLAND
1180,-121.54,39.47,14,1724,315,939,302,2.4952,53900,INLAND
1181,-121.55,39.48,41,461,107,284,90,2.2045,41800,INLAND
1182,-121.49,39.49,20,2505,468,1174,429,2.9965,88900,INLAND
1183,-121.52,39.5,33,1462,241,569,231,3.2833,82600,INLAND
1184,-121.52,39.49,30,1217,238,677,233,2.6563,63600,INLAND
1185,-121.52,39.48,21,2628,494,1364,468,2.0455,59400,INLAND
1186,-121.55,39.45,18,2278,523,1185,475,1.3611,60600,INLAND
1187,-121.53,39.44,26,1340,255,662,239,2.6071,57100,INLAND
1188,-121.55,39.44,31,1434,283,811,289,1.7727,49000,INLAND
1189,-121.52,39.43,15,2119,389,1079,374,2.3566,80400,INLAND
1190,-121.46,39.4,17,3659,735,1970,667,2.425,96200,INLAND
1191,-121.39,39.39,52,189,34,121,37,3.0208,60000,INLAND
1192,-121.54,39.33,27,720,150,359,138,2.5313,61300,INLAND
1193,-121.59,39.39,22,2515,482,1284,462,2.1776,73800,INLAND
1194,-121.67,39.37,27,2599,502,1241,502,1.9943,86300,INLAND
1195,-121.65,39.35,24,1003,251,1098,227,1.7552,86400,INLAND
1196,-121.67,39.34,22,1217,224,537,187,2.6607,84600,INLAND
1197,-121.65,39.32,40,812,154,374,142,2.7891,73500,INLAND
1198,-121.69,39.36,29,2220,471,1170,428,2.3224,56200,INLAND
1199,-121.7,39.37,32,1852,373,911,365,1.7885,57000,INLAND
1200,-121.7,39.36,46,1210,243,523,242,1.91,63900,INLAND
1201,-121.7,39.36,37,2330,495,1505,470,2.0474,56000,INLAND
1202,-121.69,39.36,34,842,186,635,165,1.8355,63000,INLAND
1203,-121.74,39.38,27,2596,435,1100,409,2.3243,85500,INLAND
1204,-121.8,39.33,30,1019,192,501,185,2.5259,81300,INLAND
1205,-121.71,39.42,21,1432,284,862,275,2.2813,57600,INLAND
1206,-121.71,39.41,22,1814,342,941,323,2.1728,59400,INLAND
1207,-121.75,39.4,29,1687,327,864,334,2.4943,81900,INLAND
1208,-121.79,39.48,39,1105,180,408,166,3.3929,82100,INLAND
1209,-120.46,38.15,16,4221,781,1516,697,2.3816,116000,INLAND
1210,-120.55,38.12,10,1566,325,785,291,2.5,116100,INLAND
1211,-120.56,38.09,34,2745,559,1150,491,2.3654,94900,INLAND
1212,-120.55,38.07,27,1199,224,463,199,2.9063,92200,INLAND
1213,-120.54,38.07,37,736,148,339,140,2.2875,79900,INLAND
1214,-120.67,37.97,9,7450,1475,2233,930,2.6528,133000,INLAND
1215,-120.46,38.09,16,3758,715,1777,615,3,122600,INLAND
1216,-120.79,38.24,19,1003,235,538,190,2.9821,90400,INLAND
1217,-120.9,38.2,16,3120,641,1319,526,2.0472,93200,INLAND
1218,-120.88,38.16,8,2029,387,1000,364,4.0109,125900,INLAND
1219,-120.91,38.11,9,3585,680,1800,598,3.636,133100,INLAND
1220,-120.76,38.12,7,7188,1288,3175,1115,3.8488,130600,INLAND
1221,-120.65,38.28,21,3095,681,1341,546,2.1382,104000,INLAND
1222,-120.72,38.24,32,2685,543,1061,492,2.5473,101600,INLAND
1223,-120.67,38.19,17,2967,611,1387,564,2.0417,92600,INLAND
1224,-120.57,38.2,13,4110,847,1796,706,2.6417,122300,INLAND
1225,-120.43,38.25,13,763,161,311,125,2.4583,112500,INLAND
1226,-120.56,38.39,20,1326,307,563,237,2.6667,86600,INLAND
1227,-120.54,38.41,21,1435,294,668,267,2.5667,77400,INLAND
1228,-120.42,38.42,18,2912,663,999,411,2.7344,91900,INLAND
1229,-120.41,38.33,17,1463,338,529,226,3.024,100900,INLAND
1230,-120.55,38.31,18,1411,312,592,230,1.625,94700,INLAND
1231,-120.57,38.35,17,1504,358,661,250,2.2604,84800,INLAND
1232,-120.36,38.21,10,4300,845,1480,609,2.8208,139900,INLAND
1233,-120.34,38.23,10,3757,722,546,223,3.75,121400,INLAND
1234,-120.33,38.26,13,2962,546,252,103,4.4063,155800,INLAND
1235,-120.34,38.25,17,5497,1056,997,408,2.9821,111500,INLAND
1236,-120.37,38.23,13,4401,829,924,383,2.6942,123500,INLAND
1237,-120.37,38.25,13,4495,856,1149,459,2.5352,113700,INLAND
1238,-120.27,38.29,10,3486,695,298,124,3.3542,103800,INLAND
1239,-120.27,38.31,13,3297,662,267,97,3.075,108300,INLAND
1240,-120.19,38.42,11,1568,369,82,33,3.125,77500,INLAND
1241,-121.91,39.03,48,1096,218,657,199,2.7841,65800,INLAND
1242,-122,38.99,39,1548,323,815,286,2.9489,67500,INLAND
1243,-122.13,39,23,3832,774,2435,747,2.2754,59200,INLAND
1244,-121.99,39.15,17,6440,1204,3266,1142,2.7137,72000,INLAND
1245,-122.04,39.22,27,1446,295,670,281,3.2625,92800,INLAND
1246,-122.08,39.25,52,224,38,120,45,3.017,112500,INLAND
1247,-122.33,39.1,10,266,62,154,49,2.25,75000,INLAND
1248,-122.2,39.15,33,1064,174,434,147,3.125,108000,INLAND
1249,-122.09,39.13,28,4169,895,2587,810,2.331,65500,INLAND
1250,-122.05,39.34,44,1064,230,494,175,2.875,61500,INLAND
1251,-122.17,39.31,35,2791,552,1395,476,2.5625,62700,INLAND
1252,-122.51,39.3,19,1629,386,551,214,1.7463,68800,INLAND
1253,-122.01,39.21,50,1592,372,781,307,2.2679,69100,INLAND
1254,-122.01,39.21,52,1989,392,985,396,2.5556,75800,INLAND
1255,-122.01,39.21,39,1214,250,660,249,2.4559,75000,INLAND
1256,-121.96,39.3,39,701,130,271,89,2.1845,112500,INLAND
1257,-121.65,38.03,28,3144,694,1095,482,3.4402,192400,INLAND
1258,-121.63,38.03,17,2549,596,1169,500,3.6694,209400,INLAND
1259,-121.63,38.04,25,2019,411,888,326,3.2619,183800,INLAND
1260,-121.73,38,3,9217,1522,3578,1272,5.0016,189100,INLAND
1261,-121.72,38,7,7957,1314,4460,1293,4.9618,156500,INLAND
1262,-121.72,37.98,5,7105,1143,3523,1088,5.0468,168800,INLAND
1263,-121.68,37.98,19,3388,599,1707,575,3.6411,162800,INLAND
1264,-121.7,37.98,9,3079,519,1562,512,5.1041,172900,INLAND
1265,-121.71,37.99,27,3861,718,2085,707,3.3558,129700,INLAND
1266,-121.67,37.99,22,1046,195,527,164,4.375,213500,INLAND
1267,-121.68,37.93,44,1014,225,704,238,1.6554,119400,INLAND
1268,-121.7,37.94,36,1710,320,861,300,2.8828,131100,INLAND
1269,-121.69,37.95,15,1850,441,1348,403,3.8125,125400,INLAND
1270,-121.7,37.96,33,2396,452,1391,465,3.2813,151400,INLAND
1271,-121.66,37.93,19,2055,358,1064,350,4.7426,263100,INLAND
1272,-121.7,37.91,17,1962,291,825,267,4.8958,187100,INLAND
1273,-121.7,37.93,19,2005,405,972,403,2.2216,156700,INLAND
1274,-121.74,37.95,5,4980,774,2399,763,5.7104,186300,INLAND
1275,-121.7,37.93,10,3258,612,1779,558,4.6587,152500,INLAND
1276,-121.6,37.91,13,2479,394,1075,350,5.1017,241400,INLAND
1277,-121.6,37.9,5,14684,2252,4276,1722,6.9051,340900,INLAND
1278,-121.61,37.86,30,1428,287,989,287,3.691,154400,INLAND
1279,-121.64,37.85,22,1999,415,967,320,4.4583,253900,INLAND
1280,-121.8,38.01,46,2273,495,1088,447,2.2532,109400,INLAND
1281,-121.81,38.01,47,1942,430,1074,393,2.2361,105100,INLAND
1282,-121.81,38.01,52,1124,245,528,226,2.2639,128500,INLAND
1283,-121.82,38.02,46,176,43,101,40,2.2361,93800,INLAND
1284,-121.82,38.01,42,1017,253,798,266,2.1719,99100,INLAND
1285,-121.82,38.01,50,1120,281,625,239,1.5988,96400,INLAND
1286,-121.82,38.01,25,3018,606,1614,568,3.4722,127000,INLAND
1287,-121.84,38.02,46,66,22,37,21,0.536,87500,INLAND
1288,-121.78,38.01,19,2688,469,1216,422,4.4491,133900,INLAND
1289,-121.79,38.01,17,4032,814,1749,618,3.1728,146800,INLAND
1290,-121.79,38,34,3090,593,1588,566,3.6118,124700,INLAND
1291,-121.8,38.01,44,3184,581,1399,548,2.7234,110200,INLAND
1292,-121.8,38.01,37,3058,567,1351,523,3.5179,130800,INLAND
1293,-121.78,38,8,2371,375,1094,396,5.3245,174500,INLAND
1294,-121.77,38.01,13,2983,534,1417,510,3.9861,168100,INLAND
1295,-121.81,37.99,18,2807,445,1315,437,4.8194,170400,INLAND
1296,-121.81,37.99,22,2331,359,1086,340,5.1435,150800,INLAND
1297,-121.82,37.98,13,3995,605,1969,607,5.0164,165200,INLAND
1298,-121.82,38.01,47,1265,254,587,247,2.6364,93500,INLAND
1299,-121.82,38,29,2070,452,985,420,2.8466,113400,INLAND
1300,-121.81,38,37,2724,579,1400,540,2.905,97300,INLAND
1301,-121.82,38,30,3268,567,1714,565,4.4583,131000,INLAND
1302,-121.85,38,26,3364,570,1806,566,4.2647,133400,INLAND
1303,-121.85,38,24,2269,584,1239,542,2.0411,100000,INLAND
1304,-121.83,38,15,6365,1646,3838,1458,2.5495,103600,INLAND
1305,-121.83,38,25,1710,288,799,259,4.8359,145300,INLAND
1306,-121.83,37.99,23,1150,174,572,174,4.9167,152400,INLAND
1307,-121.83,37.99,23,1970,296,935,279,4.4853,145900,INLAND
1308,-121.83,37.99,18,2741,449,1507,460,4.7566,142500,INLAND
1309,-121.83,38,8,2572,738,1384,684,1.7161,75800,INLAND
1310,-121.84,37.99,13,4545,952,2188,901,3.3625,126100,INLAND
1311,-121.84,37.99,15,2380,385,1292,388,4.6029,142600,INLAND
1312,-121.83,37.99,16,2919,462,1456,453,5.6779,164700,INLAND
1313,-121.79,38,36,1141,234,562,213,2.5893,108500,INLAND
1314,-121.79,37.99,10,4156,609,1878,586,5.6506,178600,INLAND
1315,-121.79,37.99,18,3646,534,1651,535,5.7321,164700,INLAND
1316,-121.8,38,34,2738,475,1316,459,3.5368,122500,INLAND
1317,-121.8,37.99,16,3077,465,1575,446,5.5,179500,INLAND
1318,-121.77,37.99,4,5623,780,2429,716,5.4409,205100,INLAND
1319,-121.88,38.03,10,2769,619,1045,469,4.1111,158600,INLAND
1320,-121.9,38.04,36,1489,331,838,259,1.2024,90200,INLAND
1321,-121.86,38.04,52,242,59,188,54,1.3958,67500,INLAND
1322,-121.87,38.02,52,2264,439,1403,476,2.7083,99400,INLAND
1323,-121.88,38.03,52,1225,250,725,231,2,101400,INLAND
1324,-121.9,38.03,51,2982,689,1831,608,2.0034,87700,INLAND
1325,-121.88,38.02,46,2112,466,1249,382,2.5737,87000,INLAND
1326,-121.89,38.02,36,2707,550,1827,545,3.3371,94600,INLAND
1327,-121.9,38.02,5,1560,369,1037,372,3.6154,181800,INLAND
1328,-121.87,38.02,31,3644,746,2229,678,3.1389,117800,INLAND
1329,-121.88,38,16,2605,440,1352,408,4.1947,140300,INLAND
1330,-121.88,38.01,9,5329,1284,2827,1202,2.7374,150000,INLAND
1331,-121.89,38.01,30,4114,743,1994,722,4.2227,134400,INLAND
1332,-121.88,38,22,721,117,367,129,5.3098,151900,INLAND
1333,-121.86,38,4,4075,927,2239,849,3.5857,165200,INLAND
1334,-121.86,38,16,3216,464,1504,453,5.25,161700,INLAND
1335,-121.89,37.99,4,2171,597,928,461,4.1016,170500,INLAND
1336,-121.88,37.99,16,3787,515,1606,507,5.5676,174200,INLAND
1337,-121.87,38,17,2713,442,1475,415,4.8542,144100,INLAND
1338,-121.87,37.99,15,2203,312,1051,311,4.9783,163900,INLAND
1339,-121.89,38.01,28,3639,751,2362,641,3.0042,103900,INLAND
1340,-121.9,38.02,12,1497,360,943,341,2.1417,122200,INLAND
1341,-121.9,38.01,16,2604,454,1696,481,4.6628,136000,INLAND
1342,-121.92,38.02,8,2750,479,1526,484,5.102,156500,INLAND
1343,-121.89,38.01,32,1000,188,663,212,4.0972,99200,INLAND
1344,-121.9,38.01,34,3779,766,2356,722,3.5129,110600,INLAND
1345,-121.9,38,14,1930,363,990,322,4.1094,162200,INLAND
1346,-121.9,38,14,2677,368,1288,375,6.0497,177500,INLAND
1347,-121.92,38.01,7,1632,248,879,262,6.1237,166000,INLAND
1348,-121.93,38.01,9,2294,389,1142,365,5.3363,160800,INLAND
1349,-121.93,38.02,13,1524,286,940,308,5.1337,154800,INLAND
1350,-121.95,38.03,5,5526,,3207,1012,4.0767,143100,INLAND
1351,-121.94,38.03,27,1654,478,1141,420,1.4871,87100,INLAND
1352,-121.96,38.02,35,2691,542,1409,505,3.016,95300,INLAND
1353,-121.95,38.02,9,3360,833,2041,810,2.1013,100700,INLAND
1354,-121.94,38.02,29,5765,1170,3266,1131,2.7907,113900,INLAND
1355,-121.92,38.03,16,2176,464,1410,434,3.5436,100200,INLAND
1356,-121.92,38.02,16,1840,355,1288,338,4.2067,125000,INLAND
1357,-121.91,38.02,15,2966,558,1687,527,3.4817,129800,INLAND
1358,-121.97,38.04,38,2505,554,1595,498,2.5833,83500,INLAND
1359,-121.97,38.03,17,3685,685,1939,649,3.7043,139800,INLAND
1360,-121.98,38.05,31,2810,518,1640,503,3.3661,98500,INLAND
1361,-122.02,38.02,44,1465,247,817,237,4.8693,156900,NEAR BAY
1362,-122,38.03,4,2341,408,1235,431,6.0424,165900,INLAND
1363,-122.14,38.02,44,1625,432,825,385,2.0523,133900,NEAR BAY
1364,-122.14,38.03,42,118,34,54,30,2.5795,225000,NEAR BAY
1365,-122.13,38.02,52,2378,508,940,451,2.9583,166000,NEAR BAY
1366,-122.13,38.01,48,2123,494,859,474,1.8523,144800,NEAR BAY
1367,-122.14,38.01,50,1760,341,741,316,4.5,178300,NEAR BAY
1368,-122.13,38.01,51,1262,309,608,298,2.1974,139300,NEAR BAY
1369,-122.13,38,33,2821,652,1206,640,2.5481,150800,NEAR BAY
1370,-122.16,38.02,40,1800,290,761,277,5.1265,196100,NEAR BAY
1371,-122.11,38.01,39,1313,306,575,231,3.1711,116100,NEAR BAY
1372,-122.11,38.01,41,1345,272,718,283,3.3831,129400,NEAR BAY
1373,-122.12,38,20,6992,1404,3221,1334,4.2042,166400,NEAR BAY
1374,-122.12,38.01,50,1300,263,691,239,3.9519,126500,NEAR BAY
1375,-122.12,38.01,50,1738,355,837,363,3.609,135700,NEAR BAY
1376,-122.12,38.01,42,2225,367,864,381,4.1189,172400,NEAR BAY
1377,-122.09,38.02,37,1742,339,1128,345,3.8824,113700,NEAR BAY
1378,-122.1,38.02,28,4308,824,2086,776,3.6523,159700,NEAR BAY
1379,-122.07,38,37,978,202,462,184,3.625,156300,NEAR BAY
1380,-122.09,38,6,10191,1882,4377,1789,5.2015,204200,NEAR BAY
1381,-122.11,38,9,3424,583,1460,543,5.76,212600,NEAR BAY
1382,-122.08,37.99,19,4657,739,1914,732,5.0509,199900,NEAR BAY
1383,-122.09,37.99,19,3073,506,1773,493,5.4496,205400,NEAR BAY
1384,-122.11,37.99,16,3913,710,1782,676,5.1297,206700,NEAR BAY
1385,-122.11,37.99,10,2864,514,1300,507,4.3875,287700,NEAR BAY
1386,-122.08,37.97,9,2643,439,1105,467,6.6579,245200,NEAR BAY
1387,-122.09,37.97,5,5303,779,2017,727,6.9961,294100,NEAR BAY
1388,-122.11,37.98,11,4371,679,1790,660,6.135,297300,NEAR BAY
1389,-122.09,37.98,14,5381,871,2296,872,5.6875,211000,NEAR BAY
1390,-122.12,37.99,33,1660,277,741,261,4.675,225400,NEAR BAY
1391,-122.1,37.97,18,4326,655,1753,646,5.6931,269600,NEAR BAY
1392,-122.1,37.96,20,3796,650,1679,611,4.3571,228200,NEAR BAY
1393,-122.1,37.96,25,1374,206,569,235,6.3699,235500,NEAR BAY
1394,-122.07,37.99,28,3310,574,1811,597,4.5401,166900,NEAR BAY
1395,-122.07,37.98,12,6915,1639,2940,1468,4.0154,186100,NEAR BAY
1396,-122.07,37.97,20,1705,353,856,341,3.7262,211800,NEAR BAY
1397,-122.07,37.96,34,1692,290,836,289,5.0172,197100,NEAR BAY
1398,-122.06,37.96,37,1784,313,788,304,4.2917,189600,NEAR BAY
1399,-122.08,37.96,21,9135,1534,3748,1502,6.0859,266000,NEAR BAY
1400,-122.06,37.95,36,2213,386,950,370,4.7386,186400,NEAR BAY
1401,-122.07,37.95,39,2199,388,1025,385,4.5893,190000,NEAR BAY
1402,-122.08,37.95,24,3173,548,1351,536,5.0672,243000,NEAR BAY
1403,-122.08,37.95,33,1043,157,425,148,4.8702,235600,NEAR BAY
1404,-122.07,37.96,37,1217,199,552,194,5.0445,196200,NEAR BAY
1405,-122.06,37.96,10,7136,1691,2959,1507,3.9816,182000,NEAR BAY
1406,-122.05,37.95,34,1408,277,738,269,4.175,169400,NEAR BAY
1407,-122.05,37.94,22,4162,1194,1804,1185,2.5459,179300,NEAR BAY
1408,-122.06,37.94,19,4005,972,1896,893,2.5268,235700,NEAR BAY
1409,-122.07,37.94,36,2639,488,1111,476,3.5057,205100,NEAR BAY
1410,-122.07,37.94,30,1260,276,707,221,2.892,220800,NEAR BAY
1411,-122.08,37.93,35,4043,689,1832,662,5.0761,233200,NEAR BAY
1412,-122.08,37.94,44,2185,357,943,366,4.725,232100,NEAR BAY
1413,-122.07,37.94,43,1454,234,683,258,4.475,265700,NEAR BAY
1414,-122.09,37.95,32,1339,209,601,209,6.0265,247900,NEAR BAY
1415,-122.09,37.94,29,6895,1022,2634,1022,6.1922,273200,NEAR BAY
1416,-122.04,38,16,3077,733,1447,709,3.2484,91100,NEAR BAY
1417,-122.04,37.99,32,1504,279,749,267,3.2,134500,NEAR BAY
1418,-122.04,37.99,36,2765,495,1478,441,4.125,136200,NEAR BAY
1419,-122.05,37.97,16,60,10,65,19,6.1359,250000,NEAR BAY
1420,-122.06,37.99,16,2445,469,721,474,2.8043,87500,NEAR BAY
1421,-122.06,37.99,17,1319,316,384,269,1.8229,137500,NEAR BAY
1422,-122.05,38,36,2476,472,1213,393,3.7333,136400,NEAR BAY
1423,-122.05,38,16,1085,217,356,232,2.3462,75000,NEAR BAY
1424,-122.03,37.98,16,1209,477,627,482,1.3894,156300,NEAR BAY
1425,-122.04,37.97,10,974,316,631,286,2.3152,140600,NEAR BAY
1426,-122.03,38,25,3577,581,1753,593,5.7295,178300,NEAR BAY
1427,-122.03,38.01,27,3228,562,1666,588,4.5707,175900,NEAR BAY
1428,-122.04,37.99,38,2675,541,1378,480,3.8897,139900,NEAR BAY
1429,-122.03,37.98,45,2842,567,1261,535,3.6042,138200,NEAR BAY
1430,-122.02,38,28,2965,533,1591,472,4.6375,178200,NEAR BAY
1431,-122.03,37.99,35,3103,537,1614,566,4.9022,169300,NEAR BAY
1432,-122.02,37.99,37,2247,416,1237,397,4.45,161900,NEAR BAY
1433,-122.03,37.99,37,1755,327,882,350,4.59,166600,NEAR BAY
1434,-122.03,37.98,44,1254,252,498,217,3.4531,148900,NEAR BAY
1435,-122.01,37.98,25,1476,336,777,297,3.5179,165500,NEAR BAY
1436,-122.01,37.98,29,2001,373,956,370,4.317,194000,NEAR BAY
1437,-122,37.98,32,1013,169,436,173,5.1118,226900,INLAND
1438,-122,37.97,27,2491,428,1171,431,5.1021,202800,INLAND
1439,-122.01,37.97,32,3012,527,1288,512,3.6449,211500,NEAR BAY
1440,-122.02,37.98,40,1797,401,756,369,2.8456,165500,NEAR BAY
1441,-122.02,37.98,37,1474,343,782,331,3.4187,161700,NEAR BAY
1442,-122,37.99,28,4035,641,1881,659,5.4607,192300,INLAND
1443,-122,37.98,31,2030,337,867,341,5.0915,193200,INLAND
1444,-121.99,37.98,23,2293,411,969,399,4.4536,184000,INLAND
1445,-121.99,37.97,28,2839,428,1372,443,6.2135,217200,INLAND
1446,-122,37.98,35,1192,201,535,172,4.9219,182000,INLAND
1447,-122,37.98,36,404,77,237,88,4.525,161300,INLAND
1448,-122.01,37.98,34,1256,267,638,252,4.0507,161000,NEAR BAY
1449,-122.01,37.99,28,1900,401,918,351,3.7841,144900,NEAR BAY
1450,-121.95,37.96,18,2739,393,1072,374,6.1436,259500,INLAND
1451,-121.97,37.97,27,1691,289,807,296,6.1168,210500,INLAND
1452,-121.97,37.97,24,1330,183,656,205,5.0092,244100,INLAND
1453,-121.97,37.96,28,1433,290,877,313,4.7891,184800,INLAND
1454,-121.96,37.96,28,1838,273,899,270,5.2145,229200,INLAND
1455,-121.96,37.95,7,3418,740,1583,676,3.6133,196100,INLAND
1456,-121.98,37.96,22,2987,,1420,540,3.65,204100,INLAND
1457,-121.97,37.97,26,1977,264,817,273,5.7512,240200,INLAND
1458,-121.98,37.97,26,2714,390,1232,409,5.9617,231100,INLAND
1459,-121.98,37.97,26,2738,428,1316,430,5.2442,213200,INLAND
